company,statement,item,period,value
GARANTI,balance,"NAKİT, NAKİT BENZERLERİ ve MERKEZ BANKASI",2026/06,1142201
GARANTI,balance,"NAKİT, NAKİT BENZERLERİ ve MERKEZ BANKASI",2025/12,903086
GARANTI,balance,GERÇEĞE UYGUN DEĞER FARKI KAR/ZARARA YANSITILAN FİNANSAL VARLIKLAR (Net),2026/06,0
GARANTI,balance,GERÇEĞE UYGUN DEĞER FARKI KAR/ZARARA YANSITILAN FİNANSAL VARLIKLAR (Net),2025/12,50
GARANTI,balance,TÜREV FİNANSAL VARLIKLAR,2026/06,0
GARANTI,balance,TÜREV FİNANSAL VARLIKLAR,2025/12,0
GARANTI,balance,GERÇEĞE UYGUN DEĞER FARKI DİĞER KAPSAMLI GELİRE YANSITILAN FİNANSAL VARLIKLAR (Net),2026/06,0
GARANTI,balance,GERÇEĞE UYGUN DEĞER FARKI DİĞER KAPSAMLI GELİRE YANSITILAN FİNANSAL VARLIKLAR (Net),2025/12,0
GARANTI,balance,İTFA EDİLMİŞ MALİYETİ İLE ÖLÇÜLEN FİNANSAL VARLIKLAR (Net),2026/06,44070846
GARANTI,balance,İTFA EDİLMİŞ MALİYETİ İLE ÖLÇÜLEN FİNANSAL VARLIKLAR (Net),2025/12,32222980
GARANTI,balance,Faktoring Alacakları,2026/06,44024660
GARANTI,balance,Faktoring Alacakları,2025/12,32174509
GARANTI,balance,İskontolu Faktoring Alacakları (Net),2026/06,32802337
GARANTI,balance,İskontolu Faktoring Alacakları (Net),2025/12,24346997
GARANTI,balance,Diğer Faktoring Alacakları,2026/06,11222323
GARANTI,balance,Diğer Faktoring Alacakları,2025/12,7827512
GARANTI,balance,Tasarruf Finansman Alacakları,2026/06,0
GARANTI,balance,Tasarruf Finansman Alacakları,2025/12,0
GARANTI,balance,Tasarruf Fon Havuzundan,2026/06,0
GARANTI,balance,Tasarruf Fon Havuzundan,2025/12,0
GARANTI,balance,Özkaynaklardan,2026/06,0
GARANTI,balance,Özkaynaklardan,2025/12,0
GARANTI,balance,Finansman Kredileri,2026/06,0
GARANTI,balance,Finansman Kredileri,2025/12,0
GARANTI,balance,Tüketici Kredileri,2026/06,0
GARANTI,balance,Tüketici Kredileri,2025/12,0
GARANTI,balance,Kredi Kartları,2026/06,0
GARANTI,balance,Kredi Kartları,2025/12,0
GARANTI,balance,Taksitli Ticari Krediler,2026/06,0
GARANTI,balance,Taksitli Ticari Krediler,2025/12,0
GARANTI,balance,Kiralama İşlemleri (Net),2026/06,0
GARANTI,balance,Kiralama İşlemleri (Net),2025/12,0
GARANTI,balance,Finansal Kiralama Alacakları,2026/06,0
GARANTI,balance,Finansal Kiralama Alacakları,2025/12,0
GARANTI,balance,Faaliyet Kiralaması Alacakları,2026/06,0
GARANTI,balance,Faaliyet Kiralaması Alacakları,2025/12,0
GARANTI,balance,Kazanılmamış Gelirler (-),2026/06,-0
GARANTI,balance,Kazanılmamış Gelirler (-),2025/12,-0
GARANTI,balance,İtfa Edilmiş Maliyeti ile Ölçülen Diğer Finansal Varlıklar,2026/06,0
GARANTI,balance,İtfa Edilmiş Maliyeti ile Ölçülen Diğer Finansal Varlıklar,2025/12,0
GARANTI,balance,Takipteki Alacaklar,2026/06,538602
GARANTI,balance,Takipteki Alacaklar,2025/12,425853
GARANTI,balance,Beklenen Zarar Karşılıkları / Özel Karşılıklar (-),2026/06,-492416
GARANTI,balance,Beklenen Zarar Karşılıkları / Özel Karşılıklar (-),2025/12,-377382
GARANTI,balance,ORTAKLIK YATIRIMLARI,2026/06,0
GARANTI,balance,ORTAKLIK YATIRIMLARI,2025/12,0
GARANTI,balance,İştirakler (Net),2026/06,0
GARANTI,balance,İştirakler (Net),2025/12,0
GARANTI,balance,Bağlı Ortaklıklar (Net),2026/06,0
GARANTI,balance,Bağlı Ortaklıklar (Net),2025/12,0
GARANTI,balance,Birlikte Kontrol Edilen Ortaklıklar (İş Ortaklıkları) (Net),2026/06,0
GARANTI,balance,Birlikte Kontrol Edilen Ortaklıklar (İş Ortaklıkları) (Net),2025/12,0
GARANTI,balance,MADDİ DURAN VARLIKLAR (Net),2026/06,37339
GARANTI,balance,MADDİ DURAN VARLIKLAR (Net),2025/12,37453
GARANTI,balance,MADDİ OLMAYAN DURAN VARLIKLAR (Net),2026/06,194907
GARANTI,balance,MADDİ OLMAYAN DURAN VARLIKLAR (Net),2025/12,152735
GARANTI,balance,YATIRIM AMAÇLI GAYRİMENKULLER (Net),2026/06,0
GARANTI,balance,YATIRIM AMAÇLI GAYRİMENKULLER (Net),2025/12,0
GARANTI,balance,CARİ DÖNEM VERGİ VARLIĞI,2026/06,0
GARANTI,balance,CARİ DÖNEM VERGİ VARLIĞI,2025/12,0
GARANTI,balance,ERTELENMİŞ VERGİ VARLIĞI,2026/06,69988
GARANTI,balance,ERTELENMİŞ VERGİ VARLIĞI,2025/12,73078
GARANTI,balance,DİĞER AKTİFLER,2026/06,230904
GARANTI,balance,DİĞER AKTİFLER,2025/12,146499
GARANTI,balance,ARA TOPLAM,2026/06,45746185
GARANTI,balance,ARA TOPLAM,2025/12,33535881
GARANTI,balance,SATIŞ AMAÇLI ELDE TUTULAN VE DURDURULAN FAALİYETLERE İLİŞKİN VARLIKLAR (Net),2026/06,0
GARANTI,balance,SATIŞ AMAÇLI ELDE TUTULAN VE DURDURULAN FAALİYETLERE İLİŞKİN VARLIKLAR (Net),2025/12,0
GARANTI,balance,Satış Amaçlı,2026/06,0
GARANTI,balance,Satış Amaçlı,2025/12,0
GARANTI,balance,Durdurulan Faaliyetlere İlişkin,2026/06,0
GARANTI,balance,Durdurulan Faaliyetlere İlişkin,2025/12,0
GARANTI,balance,VARLIKLAR TOPLAMI,2026/06,45746185
GARANTI,balance,VARLIKLAR TOPLAMI,2025/12,33535881
GARANTI,balance,ALINAN KREDİLER,2026/06,37289835
GARANTI,balance,ALINAN KREDİLER,2025/12,27623560
GARANTI,balance,FAKTORİNG BORÇLARI,2026/06,94062
GARANTI,balance,FAKTORİNG BORÇLARI,2025/12,39165
GARANTI,balance,TASARRUF FON HAVUZUNDAN BORÇLAR,2026/06,0
GARANTI,balance,TASARRUF FON HAVUZUNDAN BORÇLAR,2025/12,0
GARANTI,balance,KİRALAMA İŞLEMLERİNDEN BORÇLAR,2026/06,36982
GARANTI,balance,KİRALAMA İŞLEMLERİNDEN BORÇLAR,2025/12,34429
GARANTI,balance,İHRAÇ EDİLEN MENKUL KIYMETLER (Net),2026/06,979371
GARANTI,balance,İHRAÇ EDİLEN MENKUL KIYMETLER (Net),2025/12,0
GARANTI,balance,GERÇEĞE UYGUN DEĞER FARKI KAR ZARARA YANSITILAN FİNANSAL YÜKÜMLÜLÜKLER,2026/06,0
GARANTI,balance,GERÇEĞE UYGUN DEĞER FARKI KAR ZARARA YANSITILAN FİNANSAL YÜKÜMLÜLÜKLER,2025/12,0
GARANTI,balance,TÜREV FİNANSAL YÜKÜMLÜLÜKLER,2026/06,0
GARANTI,balance,TÜREV FİNANSAL YÜKÜMLÜLÜKLER,2025/12,0
GARANTI,balance,KARŞILIKLAR,2026/06,128491
GARANTI,balance,KARŞILIKLAR,2025/12,191846
GARANTI,balance,Yeniden Yapılanma Karşılığı,2026/06,0
GARANTI,balance,Yeniden Yapılanma Karşılığı,2025/12,0
GARANTI,balance,Çalışan Hakları Yükümlülüğü Karşılığı,2026/06,97771
GARANTI,balance,Çalışan Hakları Yükümlülüğü Karşılığı,2025/12,110385
GARANTI,balance,Genel Karşılıklar,2026/06,0
GARANTI,balance,Genel Karşılıklar,2025/12,0
GARANTI,balance,Diğer Karşılıklar,2026/06,30720
GARANTI,balance,Diğer Karşılıklar,2025/12,81461
GARANTI,balance,CARİ VERGİ BORCU,2026/06,305861
GARANTI,balance,CARİ VERGİ BORCU,2025/12,232950
GARANTI,balance,ERTELENMİŞ VERGİ BORCU,2026/06,0
GARANTI,balance,ERTELENMİŞ VERGİ BORCU,2025/12,0
GARANTI,balance,SERMAYE BENZERİ BORÇLANMA ARAÇLARI,2026/06,0
GARANTI,balance,SERMAYE BENZERİ BORÇLANMA ARAÇLARI,2025/12,0
GARANTI,balance,DİĞER YÜKÜMLÜLÜKLER,2026/06,153079
GARANTI,balance,DİĞER YÜKÜMLÜLÜKLER,2025/12,110611
GARANTI,balance,ARA TOPLAM,2026/06,38987681
GARANTI,balance,ARA TOPLAM,2025/12,28232561
GARANTI,balance,SATIŞ AMAÇLI ELDE TUTULAN VE DURDURULAN FAALİYETLERE İLİŞKİN DURAN VARLIK BORÇLARI (Net),2026/06,0
GARANTI,balance,SATIŞ AMAÇLI ELDE TUTULAN VE DURDURULAN FAALİYETLERE İLİŞKİN DURAN VARLIK BORÇLARI (Net),2025/12,0
GARANTI,balance,Satış Amaçlı,2026/06,0
GARANTI,balance,Satış Amaçlı,2025/12,0
GARANTI,balance,Durdurulan Faaliyetlere İlişkin,2026/06,0
GARANTI,balance,Durdurulan Faaliyetlere İlişkin,2025/12,0
GARANTI,balance,ÖZKAYNAKLAR,2026/06,6758504
GARANTI,balance,ÖZKAYNAKLAR,2025/12,5303320
GARANTI,balance,Ödenmiş Sermaye,2026/06,397500
GARANTI,balance,Ödenmiş Sermaye,2025/12,397500
GARANTI,balance,Sermaye Yedekleri,2026/06,0
GARANTI,balance,Sermaye Yedekleri,2025/12,0
GARANTI,balance,Hisse Senedi İhraç Primleri,2026/06,0
GARANTI,balance,Hisse Senedi İhraç Primleri,2025/12,0
GARANTI,balance,Hisse Senedi İptal Karları,2026/06,0
GARANTI,balance,Hisse Senedi İptal Karları,2025/12,0
GARANTI,balance,Diğer Sermaye Yedekleri,2026/06,0
GARANTI,balance,Diğer Sermaye Yedekleri,2025/12,0
GARANTI,balance,Kar veya Zararda Yeniden Sınıflandırılmayacak Birikmiş Diğer Kapsamlı Gelirler veya Giderler,2026/06,-7365
GARANTI,balance,Kar veya Zararda Yeniden Sınıflandırılmayacak Birikmiş Diğer Kapsamlı Gelirler veya Giderler,2025/12,-7365
GARANTI,balance,Kar veya Zararda Yeniden Sınıflandırılacak Birikmiş Diğer Kapsamlı Gelirler veya Giderler,2026/06,0
GARANTI,balance,Kar veya Zararda Yeniden Sınıflandırılacak Birikmiş Diğer Kapsamlı Gelirler veya Giderler,2025/12,0
GARANTI,balance,Kar Yedekleri,2026/06,4913185
GARANTI,balance,Kar Yedekleri,2025/12,2783110
GARANTI,balance,Yasal Yedekler,2026/06,79500
GARANTI,balance,Yasal Yedekler,2025/12,79500
GARANTI,balance,Statü Yedekleri,2026/06,0
GARANTI,balance,Statü Yedekleri,2025/12,0
GARANTI,balance,Olağanüstü Yedekler,2026/06,4833685
GARANTI,balance,Olağanüstü Yedekler,2025/12,2703610
GARANTI,balance,Diğer Kar Yedekleri,2026/06,0
GARANTI,balance,Diğer Kar Yedekleri,2025/12,0
GARANTI,balance,Kar veya Zarar,2026/06,1455184
GARANTI,balance,Kar veya Zarar,2025/12,2130075
GARANTI,balance,Geçmiş Yıllar Kar veya Zararı,2026/06,0
GARANTI,balance,Geçmiş Yıllar Kar veya Zararı,2025/12,0
GARANTI,balance,Dönem Net Kâr veya Zararı,2026/06,1455184
GARANTI,balance,Dönem Net Kâr veya Zararı,2025/12,2130075
GARANTI,balance,Kontrol Gücü Olmayan Paylar,2026/06,0
GARANTI,balance,Kontrol Gücü Olmayan Paylar,2025/12,0
GARANTI,balance,YÜKÜMLÜLÜKLER TOPLAMI,2026/06,45746185
GARANTI,balance,YÜKÜMLÜLÜKLER TOPLAMI,2025/12,33535881
GARANTI,off_balance,RİSKİ ÜSTLENİLEN FAKTORİNG İŞLEMLERİ,2026/06,10049503
GARANTI,off_balance,RİSKİ ÜSTLENİLEN FAKTORİNG İŞLEMLERİ,2025/12,18455470
GARANTI,off_balance,RİSKİ ÜSTLENİLMEYEN FAKTORİNG İŞLEMLERİ,2026/06,12364721
GARANTI,off_balance,RİSKİ ÜSTLENİLMEYEN FAKTORİNG İŞLEMLERİ,2025/12,10504328
GARANTI,off_balance,TASARRUF FİNANSMAN SÖZLEŞMELERİ İŞLEMLERİ,2026/06,0
GARANTI,off_balance,TASARRUF FİNANSMAN SÖZLEŞMELERİ İŞLEMLERİ,2025/12,0
GARANTI,off_balance,ALINAN TEMİNATLAR,2026/06,359529656
GARANTI,off_balance,ALINAN TEMİNATLAR,2025/12,268278393
GARANTI,off_balance,VERİLEN TEMİNATLAR,2026/06,20700141
GARANTI,off_balance,VERİLEN TEMİNATLAR,2025/12,14260159
GARANTI,off_balance,TAAHHÜTLER,2026/06,0
GARANTI,off_balance,TAAHHÜTLER,2025/12,0
GARANTI,off_balance,Cayılamaz Taahhütler,2026/06,0
GARANTI,off_balance,Cayılamaz Taahhütler,2025/12,0
GARANTI,off_balance,Cayılabilir Taahhütler,2026/06,0
GARANTI,off_balance,Cayılabilir Taahhütler,2025/12,0
GARANTI,off_balance,Kiralama Taahhütleri,2026/06,0
GARANTI,off_balance,Kiralama Taahhütleri,2025/12,0
GARANTI,off_balance,Finansal Kiralama Taahhütleri,2026/06,0
GARANTI,off_balance,Finansal Kiralama Taahhütleri,2025/12,0
GARANTI,off_balance,Faaliyet Kiralama Taahhütleri,2026/06,0
GARANTI,off_balance,Faaliyet Kiralama Taahhütleri,2025/12,0
GARANTI,off_balance,Diğer Cayılabilir Taahhütler,2026/06,0
GARANTI,off_balance,Diğer Cayılabilir Taahhütler,2025/12,0
GARANTI,off_balance,TÜREV FİNANSAL ARAÇLAR,2026/06,0
GARANTI,off_balance,TÜREV FİNANSAL ARAÇLAR,2025/12,0
GARANTI,off_balance,Riskten Korunma Amaçlı Türev Finansal Araçlar,2026/06,0
GARANTI,off_balance,Riskten Korunma Amaçlı Türev Finansal Araçlar,2025/12,0
GARANTI,off_balance,Gerçeğe Uygun Değer Riskinden Korunma Amaçlı İşlemler,2026/06,0
GARANTI,off_balance,Gerçeğe Uygun Değer Riskinden Korunma Amaçlı İşlemler,2025/12,0
GARANTI,off_balance,Nakit Akış Riskinden Korunma Amaçlı İşlemler,2026/06,0
GARANTI,off_balance,Nakit Akış Riskinden Korunma Amaçlı İşlemler,2025/12,0
GARANTI,off_balance,Yurtdışındaki Net Yatırım Riskinden Korunma Amaçlı İşlemler,2026/06,0
GARANTI,off_balance,Yurtdışındaki Net Yatırım Riskinden Korunma Amaçlı İşlemler,2025/12,0
GARANTI,off_balance,Alım Satım Amaçlı İşlemler,2026/06,0
GARANTI,off_balance,Alım Satım Amaçlı İşlemler,2025/12,0
GARANTI,off_balance,Vadeli Alım Satım İşlemleri,2026/06,0
GARANTI,off_balance,Vadeli Alım Satım İşlemleri,2025/12,0
GARANTI,off_balance,Swap Alım Satım İşlemleri,2026/06,0
GARANTI,off_balance,Swap Alım Satım İşlemleri,2025/12,0
GARANTI,off_balance,Alım Satım Opsiyon İşlemleri,2026/06,0
GARANTI,off_balance,Alım Satım Opsiyon İşlemleri,2025/12,0
GARANTI,off_balance,Futures Alım Satım İşlemleri,2026/06,0
GARANTI,off_balance,Futures Alım Satım İşlemleri,2025/12,0
GARANTI,off_balance,Diğer,2026/06,0
GARANTI,off_balance,Diğer,2025/12,0
GARANTI,off_balance,EMANET KIYMETLER,2026/06,32771149
GARANTI,off_balance,EMANET KIYMETLER,2025/12,24057316
GARANTI,off_balance,NAZIM HESAPLAR TOPLAMI,2026/06,435415170
GARANTI,off_balance,NAZIM HESAPLAR TOPLAMI,2025/12,335555666
GARANTI,pnl,ESAS FAALİYET GELİRLERİ,2026/06,7609350
GARANTI,pnl,ESAS FAALİYET GELİRLERİ,2025/06,4042491
GARANTI,pnl,FAKTORİNG GELİRLERİ,2026/06,7609350
GARANTI,pnl,FAKTORİNG GELİRLERİ,2025/06,4042491
GARANTI,pnl,Faktoring Alacaklarından Alınan Faizler,2026/06,7493363
GARANTI,pnl,Faktoring Alacaklarından Alınan Faizler,2025/06,3980552
GARANTI,pnl,İskontolu,2026/06,5899882
GARANTI,pnl,İskontolu,2025/06,3167782
GARANTI,pnl,Diğer,2026/06,1593481
GARANTI,pnl,Diğer,2025/06,812770
GARANTI,pnl,Faktoring Alacaklarından Alınan Ücret ve Komisyonlar,2026/06,115987
GARANTI,pnl,Faktoring Alacaklarından Alınan Ücret ve Komisyonlar,2025/06,61939
GARANTI,pnl,İskontolu,2026/06,98610
GARANTI,pnl,İskontolu,2025/06,53004
GARANTI,pnl,Diğer,2026/06,17377
GARANTI,pnl,Diğer,2025/06,8935
GARANTI,pnl,FİNANSMAN KREDİLERİNDEN GELİRLER,2026/06,0
GARANTI,pnl,FİNANSMAN KREDİLERİNDEN GELİRLER,2025/06,0
GARANTI,pnl,Finansman Kredilerinden Alınan Faizler,2026/06,
GARANTI,pnl,Finansman Kredilerinden Alınan Faizler,2025/06,
GARANTI,pnl,Finansman Kredilerinden Alınan Ücret ve Komisyonlar,2026/06,
GARANTI,pnl,Finansman Kredilerinden Alınan Ücret ve Komisyonlar,2025/06,
GARANTI,pnl,KİRALAMA GELİRLERİ,2026/06,0
GARANTI,pnl,KİRALAMA GELİRLERİ,2025/06,0
GARANTI,pnl,Finansal Kiralama Gelirleri,2026/06,
GARANTI,pnl,Finansal Kiralama Gelirleri,2025/06,
GARANTI,pnl,Faaliyet Kiralaması Gelirleri,2026/06,
GARANTI,pnl,Faaliyet Kiralaması Gelirleri,2025/06,
GARANTI,pnl,Kiralama İşlemlerinden Alınan Ücret ve Komisyonlar,2026/06,
GARANTI,pnl,Kiralama İşlemlerinden Alınan Ücret ve Komisyonlar,2025/06,
GARANTI,pnl,TASARRUF FİNANSMAN GELİRLERİ,2026/06,0
GARANTI,pnl,TASARRUF FİNANSMAN GELİRLERİ,2025/06,0
GARANTI,pnl,Tasarruf Finansman Alacaklarından Alınan Kâr Payları,2026/06,
GARANTI,pnl,Tasarruf Finansman Alacaklarından Alınan Kâr Payları,2025/06,
GARANTI,pnl,Tasarruf Finansman Faaliyetlerinden Alınan Ücret ve Komisyonlar,2026/06,
GARANTI,pnl,Tasarruf Finansman Faaliyetlerinden Alınan Ücret ve Komisyonlar,2025/06,
GARANTI,pnl,FİNANSMAN GİDERLERİ (-),2026/06,-5245756
GARANTI,pnl,FİNANSMAN GİDERLERİ (-),2025/06,-2783846
GARANTI,pnl,Tasarruf Fon Havuzuna Verilen Kâr Payları,2026/06,0
GARANTI,pnl,Tasarruf Fon Havuzuna Verilen Kâr Payları,2025/06,0
GARANTI,pnl,Kullanılan Kredilere Verilen Faizler,2026/06,-5090728
GARANTI,pnl,Kullanılan Kredilere Verilen Faizler,2025/06,-2655993
GARANTI,pnl,Faktoring İşlemlerinden Borçlara Verilen Faizler,2026/06,0
GARANTI,pnl,Faktoring İşlemlerinden Borçlara Verilen Faizler,2025/06,0
GARANTI,pnl,Kiralama İşlemlerine İlişkin Faiz Giderleri,2026/06,-6774
GARANTI,pnl,Kiralama İşlemlerine İlişkin Faiz Giderleri,2025/06,-3440
GARANTI,pnl,İhraç Edilen Menkul Kıymetlere Verilen Faizler,2026/06,-92218
GARANTI,pnl,İhraç Edilen Menkul Kıymetlere Verilen Faizler,2025/06,-89230
GARANTI,pnl,Diğer Faiz Giderleri,2026/06,0
GARANTI,pnl,Diğer Faiz Giderleri,2025/06,0
GARANTI,pnl,Verilen Ücret ve Komisyonlar,2026/06,-56036
GARANTI,pnl,Verilen Ücret ve Komisyonlar,2025/06,-35183
GARANTI,pnl,BRÜT KAR (ZARAR),2026/06,2363594
GARANTI,pnl,BRÜT KAR (ZARAR),2025/06,1258645
GARANTI,pnl,ESAS FAALİYET GİDERLERİ (-),2026/06,-420908
GARANTI,pnl,ESAS FAALİYET GİDERLERİ (-),2025/06,-216421
GARANTI,pnl,Personel Giderleri,2026/06,-267725
GARANTI,pnl,Personel Giderleri,2025/06,-139158
GARANTI,pnl,Kıdem Tazminatı Karşılığı Gideri,2026/06,-7318
GARANTI,pnl,Kıdem Tazminatı Karşılığı Gideri,2025/06,-3131
GARANTI,pnl,Araştırma ve Geliştirme Giderleri,2026/06,0
GARANTI,pnl,Araştırma ve Geliştirme Giderleri,2025/06,0
GARANTI,pnl,Genel İşletme Giderleri,2026/06,-145865
GARANTI,pnl,Genel İşletme Giderleri,2025/06,-74132
GARANTI,pnl,Diğer,2026/06,0
GARANTI,pnl,Diğer,2025/06,0
GARANTI,pnl,BRÜT FAALİYET KARI (ZARARI),2026/06,1942686
GARANTI,pnl,BRÜT FAALİYET KARI (ZARARI),2025/06,1042224
GARANTI,pnl,DİĞER FAALİYET GELİRLERİ,2026/06,328464
GARANTI,pnl,DİĞER FAALİYET GELİRLERİ,2025/06,162155
GARANTI,pnl,Bankalardan Alınan Faizler,2026/06,162906
GARANTI,pnl,Bankalardan Alınan Faizler,2025/06,87846
GARANTI,pnl,Menkul Değerlerden Alınan Faizler,2026/06,0
GARANTI,pnl,Menkul Değerlerden Alınan Faizler,2025/06,0
GARANTI,pnl,Temettü Gelirleri,2026/06,0
GARANTI,pnl,Temettü Gelirleri,2025/06,0
GARANTI,pnl,Sermaye Piyasası İşlemleri Karı,2026/06,0
GARANTI,pnl,Sermaye Piyasası İşlemleri Karı,2025/06,0
GARANTI,pnl,Türev Finansal İşlemler Karı,2026/06,0
GARANTI,pnl,Türev Finansal İşlemler Karı,2025/06,0
GARANTI,pnl,Kambiyo İşlemleri Karı,2026/06,23926
GARANTI,pnl,Kambiyo İşlemleri Karı,2025/06,14315
GARANTI,pnl,Diğer,2026/06,141632
GARANTI,pnl,Diğer,2025/06,59994
GARANTI,pnl,KARŞILIK GİDERLERİ,2026/06,-202866
GARANTI,pnl,KARŞILIK GİDERLERİ,2025/06,-109641
GARANTI,pnl,Özel Karşılıklar,2026/06,0
GARANTI,pnl,Özel Karşılıklar,2025/06,0
GARANTI,pnl,Beklenen Zarar Karşılıkları,2026/06,-192415
GARANTI,pnl,Beklenen Zarar Karşılıkları,2025/06,-105949
GARANTI,pnl,Genel Karşılıklar,2026/06,0
GARANTI,pnl,Genel Karşılıklar,2025/06,0
GARANTI,pnl,Diğer,2026/06,-10451
GARANTI,pnl,Diğer,2025/06,-3692
GARANTI,pnl,DİĞER FAALİYET GİDERLERİ (-),2026/06,-7807
GARANTI,pnl,DİĞER FAALİYET GİDERLERİ (-),2025/06,-3911
GARANTI,pnl,Menkul Değerler Değer Düşüş Gideri,2026/06,0
GARANTI,pnl,Menkul Değerler Değer Düşüş Gideri,2025/06,0
GARANTI,pnl,Duran Varlıklar Değer Düşüş Giderleri,2026/06,0
GARANTI,pnl,Duran Varlıklar Değer Düşüş Giderleri,2025/06,0
GARANTI,pnl,Sermaye Piyasası İşlemleri Zararı,2026/06,0
GARANTI,pnl,Sermaye Piyasası İşlemleri Zararı,2025/06,0
GARANTI,pnl,Türev Finansal İşlemlerden Zarar,2026/06,0
GARANTI,pnl,Türev Finansal İşlemlerden Zarar,2025/06,0
GARANTI,pnl,Kambiyo İşlemleri Zararı,2026/06,-7807
GARANTI,pnl,Kambiyo İşlemleri Zararı,2025/06,-3911
GARANTI,pnl,Diğer,2026/06,0
GARANTI,pnl,Diğer,2025/06,0
GARANTI,pnl,NET FAALİYET KARI (ZARARI),2026/06,2060477
GARANTI,pnl,NET FAALİYET KARI (ZARARI),2025/06,1090827
GARANTI,pnl,BİRLEŞME İŞLEMİ SONRASINDA GELİR OLARAK KAYDEDİLEN FAZLALIK TUTARI,2026/06,0
GARANTI,pnl,BİRLEŞME İŞLEMİ SONRASINDA GELİR OLARAK KAYDEDİLEN FAZLALIK TUTARI,2025/06,
GARANTI,pnl,ÖZKAYNAK YÖNTEMİ UYGULANAN ORTAKLIKLARDAN KAR (ZARAR),2026/06,0
GARANTI,pnl,ÖZKAYNAK YÖNTEMİ UYGULANAN ORTAKLIKLARDAN KAR (ZARAR),2025/06,
GARANTI,pnl,NET PARASAL POZİSYON KARI (ZARARI),2026/06,0
GARANTI,pnl,NET PARASAL POZİSYON KARI (ZARARI),2025/06,
GARANTI,pnl,SÜRDÜRÜLEN FAALİYETLER VERGİ ÖNCESİ KARI (ZARARI),2026/06,2060477
GARANTI,pnl,SÜRDÜRÜLEN FAALİYETLER VERGİ ÖNCESİ KARI (ZARARI),2025/06,1090827
GARANTI,pnl,SÜRDÜRÜLEN FAALİYETLER VERGİ KARŞILIĞI (+/-),2026/06,-605293
GARANTI,pnl,SÜRDÜRÜLEN FAALİYETLER VERGİ KARŞILIĞI (+/-),2025/06,-318074
GARANTI,pnl,Cari Vergi Karşılığı,2026/06,-602203
GARANTI,pnl,Cari Vergi Karşılığı,2025/06,-321333
GARANTI,pnl,Ertelenmiş Vergi Gider Etkisi,2026/06,-21550
GARANTI,pnl,Ertelenmiş Vergi Gider Etkisi,2025/06,-9053
GARANTI,pnl,Ertelenmiş Vergi Gelir Etkisi,2026/06,18460
GARANTI,pnl,Ertelenmiş Vergi Gelir Etkisi,2025/06,12312
GARANTI,pnl,SÜRDÜRÜLEN FAALİYETLER DÖNEM NET KARI (ZARARI),2026/06,1455184
GARANTI,pnl,SÜRDÜRÜLEN FAALİYETLER DÖNEM NET KARI (ZARARI),2025/06,772753
GARANTI,pnl,DURDURULAN FAALİYETLERDEN GELİRLER,2026/06,0
GARANTI,pnl,DURDURULAN FAALİYETLERDEN GELİRLER,2025/06,0
GARANTI,pnl,Satış Amaçlı Elde Tutulan Duran Varlık Gelirleri,2026/06,
GARANTI,pnl,Satış Amaçlı Elde Tutulan Duran Varlık Gelirleri,2025/06,
GARANTI,pnl,"İştirak, Bağlı Ortaklık ve Birlikte Kontrol Edilen Ortaklıklar (İş Ort.) Satış Karları",2026/06,
GARANTI,pnl,"İştirak, Bağlı Ortaklık ve Birlikte Kontrol Edilen Ortaklıklar (İş Ort.) Satış Karları",2025/06,
GARANTI,pnl,Diğer Durdurulan Faaliyet Gelirleri,2026/06,
GARANTI,pnl,Diğer Durdurulan Faaliyet Gelirleri,2025/06,
GARANTI,pnl,DURDURULAN FAALİYETLERDEN GİDERLER (-),2026/06,0
GARANTI,pnl,DURDURULAN FAALİYETLERDEN GİDERLER (-),2025/06,0
GARANTI,pnl,Satış Amaçlı Elde Tutulan Duran Varlık Giderleri,2026/06,
GARANTI,pnl,Satış Amaçlı Elde Tutulan Duran Varlık Giderleri,2025/06,
GARANTI,pnl,"İştirak, Bağlı Ortaklık ve Birlikte Kontrol Edilen Ortaklıklar (İş Ort.) Satış Zararları",2026/06,
GARANTI,pnl,"İştirak, Bağlı Ortaklık ve Birlikte Kontrol Edilen Ortaklıklar (İş Ort.) Satış Zararları",2025/06,
GARANTI,pnl,Diğer Durdurulan Faaliyet Giderleri,2026/06,
GARANTI,pnl,Diğer Durdurulan Faaliyet Giderleri,2025/06,
GARANTI,pnl,DURDURULAN FAALİYETLER VERGİ ÖNCESİ KARI (ZARARI),2026/06,0
GARANTI,pnl,DURDURULAN FAALİYETLER VERGİ ÖNCESİ KARI (ZARARI),2025/06,0
GARANTI,pnl,DURDURULAN FAALİYETLER VERGİ KARŞILIĞI (+/-),2026/06,0
GARANTI,pnl,DURDURULAN FAALİYETLER VERGİ KARŞILIĞI (+/-),2025/06,0
GARANTI,pnl,Cari Vergi Karşılığı,2026/06,
GARANTI,pnl,Cari Vergi Karşılığı,2025/06,
GARANTI,pnl,Ertelenmiş Vergi Gider Etkisi,2026/06,
GARANTI,pnl,Ertelenmiş Vergi Gider Etkisi,2025/06,
GARANTI,pnl,Ertelenmiş Vergi Gelir Etkisi,2026/06,
GARANTI,pnl,Ertelenmiş Vergi Gelir Etkisi,2025/06,
GARANTI,pnl,DURDURULAN FAALİYETLER DÖNEM NET KARI (ZARARI),2026/06,0
GARANTI,pnl,DURDURULAN FAALİYETLER DÖNEM NET KARI (ZARARI),2025/06,0
GARANTI,pnl,DÖNEM NET KARI VEYA ZARARI,2026/06,1455184
GARANTI,pnl,DÖNEM NET KARI VEYA ZARARI,2025/06,772753
GARANTI,pnl,Kontrol Gücü Olmayan Paylar,2026/06,0
GARANTI,pnl,Kontrol Gücü Olmayan Paylar,2025/06,
GARANTI,pnl,Ana Ortaklık Payları,2026/06,1455184
GARANTI,pnl,Ana Ortaklık Payları,2025/06,772753
GARANTI,pnl,Sürdürülen Faaliyetlerden Hisse Başına Kazanç (Zarar),2026/06,
GARANTI,pnl,Sürdürülen Faaliyetlerden Hisse Başına Kazanç (Zarar),2025/06,
GARANTI,pnl,Durdurulan Faaliyetlerden Hisse Başına Kazanç (Zarar),2026/06,
GARANTI,pnl,Durdurulan Faaliyetlerden Hisse Başına Kazanç (Zarar),2025/06,
GARANTI,pnl,Sürdürülen Faaliyetlerden Hisse Başına Kazanç (Zarar),2026/06,
GARANTI,pnl,Sürdürülen Faaliyetlerden Hisse Başına Kazanç (Zarar),2025/06,
GARANTI,pnl,Durdurulan Faaliyetlerden Hisse Başına Kazanç (Zarar),2026/06,
GARANTI,pnl,Durdurulan Faaliyetlerden Hisse Başına Kazanç (Zarar),2025/06,
IS,balance,"NAKİT, NAKİT BENZERLERİ ve MERKEZ BANKASI",2026/06,1784910
IS,balance,"NAKİT, NAKİT BENZERLERİ ve MERKEZ BANKASI",2025/12,726803
IS,balance,GERÇEĞE UYGUN DEĞER FARKI KAR/ZARARA YANSITILAN FİNANSAL VARLIKLAR (Net),2026/06,22000
IS,balance,GERÇEĞE UYGUN DEĞER FARKI KAR/ZARARA YANSITILAN FİNANSAL VARLIKLAR (Net),2025/12,12396
IS,balance,TÜREV FİNANSAL VARLIKLAR,2026/06,3655
IS,balance,TÜREV FİNANSAL VARLIKLAR,2025/12,2888
IS,balance,GERÇEĞE UYGUN DEĞER FARKI DİĞER KAPSAMLI GELİRE YANSITILAN FİNANSAL VARLIKLAR (Net),2026/06,1329450
IS,balance,GERÇEĞE UYGUN DEĞER FARKI DİĞER KAPSAMLI GELİRE YANSITILAN FİNANSAL VARLIKLAR (Net),2025/12,1470653
IS,balance,İTFA EDİLMİŞ MALİYETİ İLE ÖLÇÜLEN FİNANSAL VARLIKLAR (Net),2026/06,50493030
IS,balance,İTFA EDİLMİŞ MALİYETİ İLE ÖLÇÜLEN FİNANSAL VARLIKLAR (Net),2025/12,36424535
IS,balance,Faktoring Alacakları,2026/06,50728256
IS,balance,Faktoring Alacakları,2025/12,36455462
IS,balance,İskontolu Faktoring Alacakları (Net),2026/06,18866621
IS,balance,İskontolu Faktoring Alacakları (Net),2025/12,13618604
IS,balance,Diğer Faktoring Alacakları,2026/06,31861635
IS,balance,Diğer Faktoring Alacakları,2025/12,22836858
IS,balance,Tasarruf Finansman Alacakları,2026/06,0
IS,balance,Tasarruf Finansman Alacakları,2025/12,0
IS,balance,Tasarruf Fon Havuzundan,2026/06,0
IS,balance,Tasarruf Fon Havuzundan,2025/12,0
IS,balance,Özkaynaklardan,2026/06,0
IS,balance,Özkaynaklardan,2025/12,0
IS,balance,Finansman Kredileri,2026/06,0
IS,balance,Finansman Kredileri,2025/12,0
IS,balance,Tüketici Kredileri,2026/06,0
IS,balance,Tüketici Kredileri,2025/12,0
IS,balance,Kredi Kartları,2026/06,0
IS,balance,Kredi Kartları,2025/12,0
IS,balance,Taksitli Ticari Krediler,2026/06,0
IS,balance,Taksitli Ticari Krediler,2025/12,0
IS,balance,Kiralama İşlemleri (Net),2026/06,0
IS,balance,Kiralama İşlemleri (Net),2025/12,0
IS,balance,Finansal Kiralama Alacakları,2026/06,0
IS,balance,Finansal Kiralama Alacakları,2025/12,0
IS,balance,Faaliyet Kiralaması Alacakları,2026/06,0
IS,balance,Faaliyet Kiralaması Alacakları,2025/12,0
IS,balance,Kazanılmamış Gelirler (-),2026/06,-0
IS,balance,Kazanılmamış Gelirler (-),2025/12,-0
IS,balance,İtfa Edilmiş Maliyeti ile Ölçülen Diğer Finansal Varlıklar,2026/06,0
IS,balance,İtfa Edilmiş Maliyeti ile Ölçülen Diğer Finansal Varlıklar,2025/12,0
IS,balance,Takipteki Alacaklar,2026/06,531903
IS,balance,Takipteki Alacaklar,2025/12,527328
IS,balance,Beklenen Zarar Karşılıkları / Özel Karşılıklar (-),2026/06,-767129
IS,balance,Beklenen Zarar Karşılıkları / Özel Karşılıklar (-),2025/12,-558255
IS,balance,ORTAKLIK YATIRIMLARI,2026/06,0
IS,balance,ORTAKLIK YATIRIMLARI,2025/12,0
IS,balance,İştirakler (Net),2026/06,0
IS,balance,İştirakler (Net),2025/12,0
IS,balance,Bağlı Ortaklıklar (Net),2026/06,0
IS,balance,Bağlı Ortaklıklar (Net),2025/12,0
IS,balance,Birlikte Kontrol Edilen Ortaklıklar (İş Ortaklıkları) (Net),2026/06,0
IS,balance,Birlikte Kontrol Edilen Ortaklıklar (İş Ortaklıkları) (Net),2025/12,0
IS,balance,MADDİ DURAN VARLIKLAR (Net),2026/06,48976
IS,balance,MADDİ DURAN VARLIKLAR (Net),2025/12,20643
IS,balance,MADDİ OLMAYAN DURAN VARLIKLAR (Net),2026/06,13612
IS,balance,MADDİ OLMAYAN DURAN VARLIKLAR (Net),2025/12,30535
IS,balance,YATIRIM AMAÇLI GAYRİMENKULLER (Net),2026/06,0
IS,balance,YATIRIM AMAÇLI GAYRİMENKULLER (Net),2025/12,0
IS,balance,CARİ DÖNEM VERGİ VARLIĞI,2026/06,0
IS,balance,CARİ DÖNEM VERGİ VARLIĞI,2025/12,0
IS,balance,ERTELENMİŞ VERGİ VARLIĞI,2026/06,0
IS,balance,ERTELENMİŞ VERGİ VARLIĞI,2025/12,0
IS,balance,DİĞER AKTİFLER,2026/06,204252
IS,balance,DİĞER AKTİFLER,2025/12,133969
IS,balance,ARA TOPLAM,2026/06,53899885
IS,balance,ARA TOPLAM,2025/12,38822422
IS,balance,SATIŞ AMAÇLI ELDE TUTULAN VE DURDURULAN FAALİYETLERE İLİŞKİN VARLIKLAR (Net),2026/06,0
IS,balance,SATIŞ AMAÇLI ELDE TUTULAN VE DURDURULAN FAALİYETLERE İLİŞKİN VARLIKLAR (Net),2025/12,0
IS,balance,Satış Amaçlı,2026/06,0
IS,balance,Satış Amaçlı,2025/12,0
IS,balance,Durdurulan Faaliyetlere İlişkin,2026/06,0
IS,balance,Durdurulan Faaliyetlere İlişkin,2025/12,0
IS,balance,VARLIKLAR TOPLAMI,2026/06,53899885
IS,balance,VARLIKLAR TOPLAMI,2025/12,38822422
IS,balance,ALINAN KREDİLER,2026/06,39761286
IS,balance,ALINAN KREDİLER,2025/12,24726084
IS,balance,FAKTORİNG BORÇLARI,2026/06,18572
IS,balance,FAKTORİNG BORÇLARI,2025/12,38865
IS,balance,TASARRUF FON HAVUZUNDAN BORÇLAR,2026/06,0
IS,balance,TASARRUF FON HAVUZUNDAN BORÇLAR,2025/12,0
IS,balance,KİRALAMA İŞLEMLERİNDEN BORÇLAR,2026/06,37694
IS,balance,KİRALAMA İŞLEMLERİNDEN BORÇLAR,2025/12,13785
IS,balance,İHRAÇ EDİLEN MENKUL KIYMETLER (Net),2026/06,6630219
IS,balance,İHRAÇ EDİLEN MENKUL KIYMETLER (Net),2025/12,7271838
IS,balance,GERÇEĞE UYGUN DEĞER FARKI KAR ZARARA YANSITILAN FİNANSAL YÜKÜMLÜLÜKLER,2026/06,0
IS,balance,GERÇEĞE UYGUN DEĞER FARKI KAR ZARARA YANSITILAN FİNANSAL YÜKÜMLÜLÜKLER,2025/12,0
IS,balance,TÜREV FİNANSAL YÜKÜMLÜLÜKLER,2026/06,0
IS,balance,TÜREV FİNANSAL YÜKÜMLÜLÜKLER,2025/12,31133
IS,balance,KARŞILIKLAR,2026/06,79901
IS,balance,KARŞILIKLAR,2025/12,74004
IS,balance,Yeniden Yapılanma Karşılığı,2026/06,0
IS,balance,Yeniden Yapılanma Karşılığı,2025/12,0
IS,balance,Çalışan Hakları Yükümlülüğü Karşılığı,2026/06,79901
IS,balance,Çalışan Hakları Yükümlülüğü Karşılığı,2025/12,74004
IS,balance,Genel Karşılıklar,2026/06,0
IS,balance,Genel Karşılıklar,2025/12,0
IS,balance,Diğer Karşılıklar,2026/06,0
IS,balance,Diğer Karşılıklar,2025/12,0
IS,balance,CARİ VERGİ BORCU,2026/06,195679
IS,balance,CARİ VERGİ BORCU,2025/12,151681
IS,balance,ERTELENMİŞ VERGİ BORCU,2026/06,36400
IS,balance,ERTELENMİŞ VERGİ BORCU,2025/12,110650
IS,balance,SERMAYE BENZERİ BORÇLANMA ARAÇLARI,2026/06,0
IS,balance,SERMAYE BENZERİ BORÇLANMA ARAÇLARI,2025/12,0
IS,balance,DİĞER YÜKÜMLÜLÜKLER,2026/06,169808
IS,balance,DİĞER YÜKÜMLÜLÜKLER,2025/12,83537
IS,balance,ARA TOPLAM,2026/06,46929559
IS,balance,ARA TOPLAM,2025/12,32501577
IS,balance,SATIŞ AMAÇLI ELDE TUTULAN VE DURDURULAN FAALİYETLERE İLİŞKİN DURAN VARLIK BORÇLARI (Net),2026/06,0
IS,balance,SATIŞ AMAÇLI ELDE TUTULAN VE DURDURULAN FAALİYETLERE İLİŞKİN DURAN VARLIK BORÇLARI (Net),2025/12,0
IS,balance,Satış Amaçlı,2026/06,0
IS,balance,Satış Amaçlı,2025/12,0
IS,balance,Durdurulan Faaliyetlere İlişkin,2026/06,0
IS,balance,Durdurulan Faaliyetlere İlişkin,2025/12,0
IS,balance,ÖZKAYNAKLAR,2026/06,6970326
IS,balance,ÖZKAYNAKLAR,2025/12,6320845
IS,balance,Ödenmiş Sermaye,2026/06,150000
IS,balance,Ödenmiş Sermaye,2025/12,150000
IS,balance,Sermaye Yedekleri,2026/06,5053
IS,balance,Sermaye Yedekleri,2025/12,5053
IS,balance,Hisse Senedi İhraç Primleri,2026/06,0
IS,balance,Hisse Senedi İhraç Primleri,2025/12,0
IS,balance,Hisse Senedi İptal Karları,2026/06,0
IS,balance,Hisse Senedi İptal Karları,2025/12,0
IS,balance,Diğer Sermaye Yedekleri,2026/06,5053
IS,balance,Diğer Sermaye Yedekleri,2025/12,5053
IS,balance,Kar veya Zararda Yeniden Sınıflandırılmayacak Birikmiş Diğer Kapsamlı Gelirler veya Giderler,2026/06,1153913
IS,balance,Kar veya Zararda Yeniden Sınıflandırılmayacak Birikmiş Diğer Kapsamlı Gelirler veya Giderler,2025/12,1273935
IS,balance,Kar veya Zararda Yeniden Sınıflandırılacak Birikmiş Diğer Kapsamlı Gelirler veya Giderler,2026/06,0
IS,balance,Kar veya Zararda Yeniden Sınıflandırılacak Birikmiş Diğer Kapsamlı Gelirler veya Giderler,2025/12,0
IS,balance,Kar Yedekleri,2026/06,4891857
IS,balance,Kar Yedekleri,2025/12,2901198
IS,balance,Yasal Yedekler,2026/06,30183
IS,balance,Yasal Yedekler,2025/12,30183
IS,balance,Statü Yedekleri,2026/06,0
IS,balance,Statü Yedekleri,2025/12,0
IS,balance,Olağanüstü Yedekler,2026/06,4861674
IS,balance,Olağanüstü Yedekler,2025/12,2871015
IS,balance,Diğer Kar Yedekleri,2026/06,0
IS,balance,Diğer Kar Yedekleri,2025/12,0
IS,balance,Kar veya Zarar,2026/06,769503
IS,balance,Kar veya Zarar,2025/12,1990659
IS,balance,Geçmiş Yıllar Kar veya Zararı,2026/06,0
IS,balance,Geçmiş Yıllar Kar veya Zararı,2025/12,0
IS,balance,Dönem Net Kâr veya Zararı,2026/06,769503
IS,balance,Dönem Net Kâr veya Zararı,2025/12,1990659
IS,balance,Kontrol Gücü Olmayan Paylar,2026/06,0
IS,balance,Kontrol Gücü Olmayan Paylar,2025/12,0
IS,balance,YÜKÜMLÜLÜKLER TOPLAMI,2026/06,53899885
IS,balance,YÜKÜMLÜLÜKLER TOPLAMI,2025/12,38822422
IS,off_balance,RİSKİ ÜSTLENİLEN FAKTORİNG İŞLEMLERİ,2026/06,3378169
IS,off_balance,RİSKİ ÜSTLENİLEN FAKTORİNG İŞLEMLERİ,2025/12,3074685
IS,off_balance,RİSKİ ÜSTLENİLMEYEN FAKTORİNG İŞLEMLERİ,2026/06,5269336
IS,off_balance,RİSKİ ÜSTLENİLMEYEN FAKTORİNG İŞLEMLERİ,2025/12,3107153
IS,off_balance,TASARRUF FİNANSMAN SÖZLEŞMELERİ İŞLEMLERİ,2026/06,0
IS,off_balance,TASARRUF FİNANSMAN SÖZLEŞMELERİ İŞLEMLERİ,2025/12,0
IS,off_balance,ALINAN TEMİNATLAR,2026/06,467002213
IS,off_balance,ALINAN TEMİNATLAR,2025/12,407578638
IS,off_balance,VERİLEN TEMİNATLAR,2026/06,28442783
IS,off_balance,VERİLEN TEMİNATLAR,2025/12,15702953
IS,off_balance,TAAHHÜTLER,2026/06,0
IS,off_balance,TAAHHÜTLER,2025/12,0
IS,off_balance,Cayılamaz Taahhütler,2026/06,0
IS,off_balance,Cayılamaz Taahhütler,2025/12,0
IS,off_balance,Cayılabilir Taahhütler,2026/06,0
IS,off_balance,Cayılabilir Taahhütler,2025/12,0
IS,off_balance,Kiralama Taahhütleri,2026/06,0
IS,off_balance,Kiralama Taahhütleri,2025/12,0
IS,off_balance,Finansal Kiralama Taahhütleri,2026/06,0
IS,off_balance,Finansal Kiralama Taahhütleri,2025/12,0
IS,off_balance,Faaliyet Kiralama Taahhütleri,2026/06,0
IS,off_balance,Faaliyet Kiralama Taahhütleri,2025/12,0
IS,off_balance,Diğer Cayılabilir Taahhütler,2026/06,0
IS,off_balance,Diğer Cayılabilir Taahhütler,2025/12,0
IS,off_balance,TÜREV FİNANSAL ARAÇLAR,2026/06,1265342
IS,off_balance,TÜREV FİNANSAL ARAÇLAR,2025/12,5996945
IS,off_balance,Riskten Korunma Amaçlı Türev Finansal Araçlar,2026/06,0
IS,off_balance,Riskten Korunma Amaçlı Türev Finansal Araçlar,2025/12,0
IS,off_balance,Gerçeğe Uygun Değer Riskinden Korunma Amaçlı İşlemler,2026/06,0
IS,off_balance,Gerçeğe Uygun Değer Riskinden Korunma Amaçlı İşlemler,2025/12,0
IS,off_balance,Nakit Akış Riskinden Korunma Amaçlı İşlemler,2026/06,0
IS,off_balance,Nakit Akış Riskinden Korunma Amaçlı İşlemler,2025/12,0
IS,off_balance,Yurtdışındaki Net Yatırım Riskinden Korunma Amaçlı İşlemler,2026/06,0
IS,off_balance,Yurtdışındaki Net Yatırım Riskinden Korunma Amaçlı İşlemler,2025/12,0
IS,off_balance,Alım Satım Amaçlı İşlemler,2026/06,1265342
IS,off_balance,Alım Satım Amaçlı İşlemler,2025/12,5996945
IS,off_balance,Vadeli Alım Satım İşlemleri,2026/06,0
IS,off_balance,Vadeli Alım Satım İşlemleri,2025/12,27984
IS,off_balance,Swap Alım Satım İşlemleri,2026/06,1265342
IS,off_balance,Swap Alım Satım İşlemleri,2025/12,5968961
IS,off_balance,Alım Satım Opsiyon İşlemleri,2026/06,0
IS,off_balance,Alım Satım Opsiyon İşlemleri,2025/12,0
IS,off_balance,Futures Alım Satım İşlemleri,2026/06,0
IS,off_balance,Futures Alım Satım İşlemleri,2025/12,0
IS,off_balance,Diğer,2026/06,0
IS,off_balance,Diğer,2025/12,0
IS,off_balance,EMANET KIYMETLER,2026/06,18839689
IS,off_balance,EMANET KIYMETLER,2025/12,10905723
IS,off_balance,NAZIM HESAPLAR TOPLAMI,2026/06,524197532
IS,off_balance,NAZIM HESAPLAR TOPLAMI,2025/12,446366097
IS,pnl,ESAS FAALİYET GELİRLERİ,2026/06,7897164
IS,pnl,ESAS FAALİYET GELİRLERİ,2025/06,4034012
IS,pnl,FAKTORİNG GELİRLERİ,2026/06,7897164
IS,pnl,FAKTORİNG GELİRLERİ,2025/06,4034012
IS,pnl,Faktoring Alacaklarından Alınan Faizler,2026/06,7655853
IS,pnl,Faktoring Alacaklarından Alınan Faizler,2025/06,3887963
IS,pnl,İskontolu,2026/06,3064665
IS,pnl,İskontolu,2025/06,1718203
IS,pnl,Diğer,2026/06,4591188
IS,pnl,Diğer,2025/06,2169760
IS,pnl,Faktoring Alacaklarından Alınan Ücret ve Komisyonlar,2026/06,241311
IS,pnl,Faktoring Alacaklarından Alınan Ücret ve Komisyonlar,2025/06,146049
IS,pnl,İskontolu,2026/06,170638
IS,pnl,İskontolu,2025/06,110471
IS,pnl,Diğer,2026/06,70673
IS,pnl,Diğer,2025/06,35578
IS,pnl,FİNANSMAN KREDİLERİNDEN GELİRLER,2026/06,0
IS,pnl,FİNANSMAN KREDİLERİNDEN GELİRLER,2025/06,0
IS,pnl,Finansman Kredilerinden Alınan Faizler,2026/06,0
IS,pnl,Finansman Kredilerinden Alınan Faizler,2025/06,0
IS,pnl,Finansman Kredilerinden Alınan Ücret ve Komisyonlar,2026/06,0
IS,pnl,Finansman Kredilerinden Alınan Ücret ve Komisyonlar,2025/06,0
IS,pnl,KİRALAMA GELİRLERİ,2026/06,0
IS,pnl,KİRALAMA GELİRLERİ,2025/06,0
IS,pnl,Finansal Kiralama Gelirleri,2026/06,0
IS,pnl,Finansal Kiralama Gelirleri,2025/06,0
IS,pnl,Faaliyet Kiralaması Gelirleri,2026/06,0
IS,pnl,Faaliyet Kiralaması Gelirleri,2025/06,0
IS,pnl,Kiralama İşlemlerinden Alınan Ücret ve Komisyonlar,2026/06,0
IS,pnl,Kiralama İşlemlerinden Alınan Ücret ve Komisyonlar,2025/06,0
IS,pnl,TASARRUF FİNANSMAN GELİRLERİ,2026/06,0
IS,pnl,TASARRUF FİNANSMAN GELİRLERİ,2025/06,0
IS,pnl,Tasarruf Finansman Alacaklarından Alınan Kâr Payları,2026/06,0
IS,pnl,Tasarruf Finansman Alacaklarından Alınan Kâr Payları,2025/06,0
IS,pnl,Tasarruf Finansman Faaliyetlerinden Alınan Ücret ve Komisyonlar,2026/06,0
IS,pnl,Tasarruf Finansman Faaliyetlerinden Alınan Ücret ve Komisyonlar,2025/06,0
IS,pnl,FİNANSMAN GİDERLERİ (-),2026/06,-6531170
IS,pnl,FİNANSMAN GİDERLERİ (-),2025/06,-3249480
IS,pnl,Tasarruf Fon Havuzuna Verilen Kâr Payları,2026/06,-0
IS,pnl,Tasarruf Fon Havuzuna Verilen Kâr Payları,2025/06,-0
IS,pnl,Kullanılan Kredilere Verilen Faizler,2026/06,-5347559
IS,pnl,Kullanılan Kredilere Verilen Faizler,2025/06,-2620235
IS,pnl,Faktoring İşlemlerinden Borçlara Verilen Faizler,2026/06,-0
IS,pnl,Faktoring İşlemlerinden Borçlara Verilen Faizler,2025/06,-0
IS,pnl,Kiralama İşlemlerine İlişkin Faiz Giderleri,2026/06,-5802
IS,pnl,Kiralama İşlemlerine İlişkin Faiz Giderleri,2025/06,-3469
IS,pnl,İhraç Edilen Menkul Kıymetlere Verilen Faizler,2026/06,-1053119
IS,pnl,İhraç Edilen Menkul Kıymetlere Verilen Faizler,2025/06,-558048
IS,pnl,Diğer Faiz Giderleri,2026/06,-0
IS,pnl,Diğer Faiz Giderleri,2025/06,-0
IS,pnl,Verilen Ücret ve Komisyonlar,2026/06,-124690
IS,pnl,Verilen Ücret ve Komisyonlar,2025/06,-67728
IS,pnl,BRÜT KAR (ZARAR),2026/06,1365994
IS,pnl,BRÜT KAR (ZARAR),2025/06,784532
IS,pnl,ESAS FAALİYET GİDERLERİ (-),2026/06,-403898
IS,pnl,ESAS FAALİYET GİDERLERİ (-),2025/06,-209995
IS,pnl,Personel Giderleri,2026/06,-308614
IS,pnl,Personel Giderleri,2025/06,-150700
IS,pnl,Kıdem Tazminatı Karşılığı Gideri,2026/06,-5612
IS,pnl,Kıdem Tazminatı Karşılığı Gideri,2025/06,-3685
IS,pnl,Araştırma ve Geliştirme Giderleri,2026/06,-0
IS,pnl,Araştırma ve Geliştirme Giderleri,2025/06,-0
IS,pnl,Genel İşletme Giderleri,2026/06,-89672
IS,pnl,Genel İşletme Giderleri,2025/06,-55610
IS,pnl,Diğer,2026/06,-0
IS,pnl,Diğer,2025/06,-0
IS,pnl,BRÜT FAALİYET KARI (ZARARI),2026/06,962096
IS,pnl,BRÜT FAALİYET KARI (ZARARI),2025/06,574537
IS,pnl,DİĞER FAALİYET GELİRLERİ,2026/06,1350625
IS,pnl,DİĞER FAALİYET GELİRLERİ,2025/06,467910
IS,pnl,Bankalardan Alınan Faizler,2026/06,23044
IS,pnl,Bankalardan Alınan Faizler,2025/06,6094
IS,pnl,Menkul Değerlerden Alınan Faizler,2026/06,0
IS,pnl,Menkul Değerlerden Alınan Faizler,2025/06,0
IS,pnl,Temettü Gelirleri,2026/06,115560
IS,pnl,Temettü Gelirleri,2025/06,0
IS,pnl,Sermaye Piyasası İşlemleri Karı,2026/06,1499
IS,pnl,Sermaye Piyasası İşlemleri Karı,2025/06,937
IS,pnl,Türev Finansal İşlemler Karı,2026/06,483333
IS,pnl,Türev Finansal İşlemler Karı,2025/06,3656
IS,pnl,Kambiyo İşlemleri Karı,2026/06,647158
IS,pnl,Kambiyo İşlemleri Karı,2025/06,415717
IS,pnl,Diğer,2026/06,80031
IS,pnl,Diğer,2025/06,41506
IS,pnl,KARŞILIK GİDERLERİ,2026/06,-257363
IS,pnl,KARŞILIK GİDERLERİ,2025/06,-98206
IS,pnl,Özel Karşılıklar,2026/06,-0
IS,pnl,Özel Karşılıklar,2025/06,-0
IS,pnl,Beklenen Zarar Karşılıkları,2026/06,-257363
IS,pnl,Beklenen Zarar Karşılıkları,2025/06,-98206
IS,pnl,Genel Karşılıklar,2026/06,-0
IS,pnl,Genel Karşılıklar,2025/06,-0
IS,pnl,Diğer,2026/06,-0
IS,pnl,Diğer,2025/06,-0
IS,pnl,DİĞER FAALİYET GİDERLERİ (-),2026/06,-1005115
IS,pnl,DİĞER FAALİYET GİDERLERİ (-),2025/06,-381007
IS,pnl,Menkul Değerler Değer Düşüş Gideri,2026/06,-0
IS,pnl,Menkul Değerler Değer Düşüş Gideri,2025/06,-0
IS,pnl,Duran Varlıklar Değer Düşüş Giderleri,2026/06,-0
IS,pnl,Duran Varlıklar Değer Düşüş Giderleri,2025/06,-0
IS,pnl,Sermaye Piyasası İşlemleri Zararı,2026/06,-0
IS,pnl,Sermaye Piyasası İşlemleri Zararı,2025/06,-0
IS,pnl,Türev Finansal İşlemlerden Zarar,2026/06,-1307
IS,pnl,Türev Finansal İşlemlerden Zarar,2025/06,-0
IS,pnl,Kambiyo İşlemleri Zararı,2026/06,-991343
IS,pnl,Kambiyo İşlemleri Zararı,2025/06,-368543
IS,pnl,Diğer,2026/06,-12465
IS,pnl,Diğer,2025/06,-12464
IS,pnl,NET FAALİYET KARI (ZARARI),2026/06,1050243
IS,pnl,NET FAALİYET KARI (ZARARI),2025/06,563234
IS,pnl,BİRLEŞME İŞLEMİ SONRASINDA GELİR OLARAK KAYDEDİLEN FAZLALIK TUTARI,2026/06,0
IS,pnl,BİRLEŞME İŞLEMİ SONRASINDA GELİR OLARAK KAYDEDİLEN FAZLALIK TUTARI,2025/06,0
IS,pnl,ÖZKAYNAK YÖNTEMİ UYGULANAN ORTAKLIKLARDAN KAR (ZARAR),2026/06,0
IS,pnl,ÖZKAYNAK YÖNTEMİ UYGULANAN ORTAKLIKLARDAN KAR (ZARAR),2025/06,0
IS,pnl,NET PARASAL POZİSYON KARI (ZARARI),2026/06,0
IS,pnl,NET PARASAL POZİSYON KARI (ZARARI),2025/06,0
IS,pnl,SÜRDÜRÜLEN FAALİYETLER VERGİ ÖNCESİ KARI (ZARARI),2026/06,1050243
IS,pnl,SÜRDÜRÜLEN FAALİYETLER VERGİ ÖNCESİ KARI (ZARARI),2025/06,563234
IS,pnl,SÜRDÜRÜLEN FAALİYETLER VERGİ KARŞILIĞI (+/-),2026/06,-280740
IS,pnl,SÜRDÜRÜLEN FAALİYETLER VERGİ KARŞILIĞI (+/-),2025/06,-169303
IS,pnl,Cari Vergi Karşılığı,2026/06,-333809
IS,pnl,Cari Vergi Karşılığı,2025/06,-197403
IS,pnl,Ertelenmiş Vergi Gider Etkisi,2026/06,-22097
IS,pnl,Ertelenmiş Vergi Gider Etkisi,2025/06,-1443
IS,pnl,Ertelenmiş Vergi Gelir Etkisi,2026/06,75166
IS,pnl,Ertelenmiş Vergi Gelir Etkisi,2025/06,29543
IS,pnl,SÜRDÜRÜLEN FAALİYETLER DÖNEM NET KARI (ZARARI),2026/06,769503
IS,pnl,SÜRDÜRÜLEN FAALİYETLER DÖNEM NET KARI (ZARARI),2025/06,393931
IS,pnl,DURDURULAN FAALİYETLERDEN GELİRLER,2026/06,0
IS,pnl,DURDURULAN FAALİYETLERDEN GELİRLER,2025/06,0
IS,pnl,Satış Amaçlı Elde Tutulan Duran Varlık Gelirleri,2026/06,0
IS,pnl,Satış Amaçlı Elde Tutulan Duran Varlık Gelirleri,2025/06,0
IS,pnl,"İştirak, Bağlı Ortaklık ve Birlikte Kontrol Edilen Ortaklıklar (İş Ort.) Satış Karları",2026/06,0
IS,pnl,"İştirak, Bağlı Ortaklık ve Birlikte Kontrol Edilen Ortaklıklar (İş Ort.) Satış Karları",2025/06,0
IS,pnl,Diğer Durdurulan Faaliyet Gelirleri,2026/06,0
IS,pnl,Diğer Durdurulan Faaliyet Gelirleri,2025/06,0
IS,pnl,DURDURULAN FAALİYETLERDEN GİDERLER (-),2026/06,-0
IS,pnl,DURDURULAN FAALİYETLERDEN GİDERLER (-),2025/06,-0
IS,pnl,Satış Amaçlı Elde Tutulan Duran Varlık Giderleri,2026/06,-0
IS,pnl,Satış Amaçlı Elde Tutulan Duran Varlık Giderleri,2025/06,-0
IS,pnl,"İştirak, Bağlı Ortaklık ve Birlikte Kontrol Edilen Ortaklıklar (İş Ort.) Satış Zararları",2026/06,-0
IS,pnl,"İştirak, Bağlı Ortaklık ve Birlikte Kontrol Edilen Ortaklıklar (İş Ort.) Satış Zararları",2025/06,-0
IS,pnl,Diğer Durdurulan Faaliyet Giderleri,2026/06,-0
IS,pnl,Diğer Durdurulan Faaliyet Giderleri,2025/06,-0
IS,pnl,DURDURULAN FAALİYETLER VERGİ ÖNCESİ KARI (ZARARI),2026/06,0
IS,pnl,DURDURULAN FAALİYETLER VERGİ ÖNCESİ KARI (ZARARI),2025/06,0
IS,pnl,DURDURULAN FAALİYETLER VERGİ KARŞILIĞI (+/-),2026/06,-0
IS,pnl,DURDURULAN FAALİYETLER VERGİ KARŞILIĞI (+/-),2025/06,-0
IS,pnl,Cari Vergi Karşılığı,2026/06,-0
IS,pnl,Cari Vergi Karşılığı,2025/06,-0
IS,pnl,Ertelenmiş Vergi Gider Etkisi,2026/06,-0
IS,pnl,Ertelenmiş Vergi Gider Etkisi,2025/06,-0
IS,pnl,Ertelenmiş Vergi Gelir Etkisi,2026/06,0
IS,pnl,Ertelenmiş Vergi Gelir Etkisi,2025/06,0
IS,pnl,DURDURULAN FAALİYETLER DÖNEM NET KARI (ZARARI),2026/06,0
IS,pnl,DURDURULAN FAALİYETLER DÖNEM NET KARI (ZARARI),2025/06,0
IS,pnl,DÖNEM NET KARI VEYA ZARARI,2026/06,769503
IS,pnl,DÖNEM NET KARI VEYA ZARARI,2025/06,393931
IS,pnl,Kontrol Gücü Olmayan Paylar,2026/06,0
IS,pnl,Kontrol Gücü Olmayan Paylar,2025/06,0
IS,pnl,Ana Ortaklık Payları,2026/06,769503
IS,pnl,Ana Ortaklık Payları,2025/06,393931
IS,pnl,Sürdürülen Faaliyetlerden Hisse Başına Kazanç (Zarar),2026/06,
IS,pnl,Sürdürülen Faaliyetlerden Hisse Başına Kazanç (Zarar),2025/06,
IS,pnl,Durdurulan Faaliyetlerden Hisse Başına Kazanç (Zarar),2026/06,
IS,pnl,Durdurulan Faaliyetlerden Hisse Başına Kazanç (Zarar),2025/06,
IS,pnl,Sürdürülen Faaliyetlerden Hisse Başına Kazanç (Zarar),2026/06,
IS,pnl,Sürdürülen Faaliyetlerden Hisse Başına Kazanç (Zarar),2025/06,
IS,pnl,Durdurulan Faaliyetlerden Hisse Başına Kazanç (Zarar),2026/06,
IS,pnl,Durdurulan Faaliyetlerden Hisse Başına Kazanç (Zarar),2025/06,
MNG,balance,"NAKİT, NAKİT BENZERLERİ ve MERKEZ BANKASI",2026/06,226496
MNG,balance,"NAKİT, NAKİT BENZERLERİ ve MERKEZ BANKASI",2025/12,55947
MNG,balance,GERÇEĞE UYGUN DEĞER FARKI KAR/ZARARA YANSITILAN FİNANSAL VARLIKLAR (Net),2026/06,0
MNG,balance,GERÇEĞE UYGUN DEĞER FARKI KAR/ZARARA YANSITILAN FİNANSAL VARLIKLAR (Net),2025/12,0
MNG,balance,TÜREV FİNANSAL VARLIKLAR,2026/06,0
MNG,balance,TÜREV FİNANSAL VARLIKLAR,2025/12,3000
MNG,balance,GERÇEĞE UYGUN DEĞER FARKI DİĞER KAPSAMLI GELİRE YANSITILAN FİNANSAL VARLIKLAR (Net),2026/06,0
MNG,balance,GERÇEĞE UYGUN DEĞER FARKI DİĞER KAPSAMLI GELİRE YANSITILAN FİNANSAL VARLIKLAR (Net),2025/12,0
MNG,balance,İTFA EDİLMİŞ MALİYETİ İLE ÖLÇÜLEN FİNANSAL VARLIKLAR (Net),2026/06,4389299
MNG,balance,İTFA EDİLMİŞ MALİYETİ İLE ÖLÇÜLEN FİNANSAL VARLIKLAR (Net),2025/12,2849349
MNG,balance,Faktoring Alacakları,2026/06,4356854
MNG,balance,Faktoring Alacakları,2025/12,2811341
MNG,balance,İskontolu Faktoring Alacakları (Net),2026/06,4108226
MNG,balance,İskontolu Faktoring Alacakları (Net),2025/12,2639203
MNG,balance,Diğer Faktoring Alacakları,2026/06,248628
MNG,balance,Diğer Faktoring Alacakları,2025/12,172138
MNG,balance,Tasarruf Finansman Alacakları,2026/06,0
MNG,balance,Tasarruf Finansman Alacakları,2025/12,0
MNG,balance,Tasarruf Fon Havuzundan,2026/06,0
MNG,balance,Tasarruf Fon Havuzundan,2025/12,0
MNG,balance,Özkaynaklardan,2026/06,0
MNG,balance,Özkaynaklardan,2025/12,0
MNG,balance,Finansman Kredileri,2026/06,0
MNG,balance,Finansman Kredileri,2025/12,0
MNG,balance,Tüketici Kredileri,2026/06,0
MNG,balance,Tüketici Kredileri,2025/12,0
MNG,balance,Kredi Kartları,2026/06,0
MNG,balance,Kredi Kartları,2025/12,0
MNG,balance,Taksitli Ticari Krediler,2026/06,0
MNG,balance,Taksitli Ticari Krediler,2025/12,0
MNG,balance,Kiralama İşlemleri (Net),2026/06,0
MNG,balance,Kiralama İşlemleri (Net),2025/12,0
MNG,balance,Finansal Kiralama Alacakları,2026/06,0
MNG,balance,Finansal Kiralama Alacakları,2025/12,0
MNG,balance,Faaliyet Kiralaması Alacakları,2026/06,0
MNG,balance,Faaliyet Kiralaması Alacakları,2025/12,0
MNG,balance,Kazanılmamış Gelirler (-),2026/06,-0
MNG,balance,Kazanılmamış Gelirler (-),2025/12,-0
MNG,balance,İtfa Edilmiş Maliyeti ile Ölçülen Diğer Finansal Varlıklar,2026/06,0
MNG,balance,İtfa Edilmiş Maliyeti ile Ölçülen Diğer Finansal Varlıklar,2025/12,0
MNG,balance,Takipteki Alacaklar,2026/06,123188
MNG,balance,Takipteki Alacaklar,2025/12,84627
MNG,balance,Beklenen Zarar Karşılıkları / Özel Karşılıklar (-),2026/06,-90743
MNG,balance,Beklenen Zarar Karşılıkları / Özel Karşılıklar (-),2025/12,-46619
MNG,balance,ORTAKLIK YATIRIMLARI,2026/06,0
MNG,balance,ORTAKLIK YATIRIMLARI,2025/12,0
MNG,balance,İştirakler (Net),2026/06,0
MNG,balance,İştirakler (Net),2025/12,0
MNG,balance,Bağlı Ortaklıklar (Net),2026/06,0
MNG,balance,Bağlı Ortaklıklar (Net),2025/12,0
MNG,balance,Birlikte Kontrol Edilen Ortaklıklar (İş Ortaklıkları) (Net),2026/06,0
MNG,balance,Birlikte Kontrol Edilen Ortaklıklar (İş Ortaklıkları) (Net),2025/12,0
MNG,balance,MADDİ DURAN VARLIKLAR (Net),2026/06,67881
MNG,balance,MADDİ DURAN VARLIKLAR (Net),2025/12,66588
MNG,balance,MADDİ OLMAYAN DURAN VARLIKLAR (Net),2026/06,722
MNG,balance,MADDİ OLMAYAN DURAN VARLIKLAR (Net),2025/12,129
MNG,balance,YATIRIM AMAÇLI GAYRİMENKULLER (Net),2026/06,0
MNG,balance,YATIRIM AMAÇLI GAYRİMENKULLER (Net),2025/12,0
MNG,balance,CARİ DÖNEM VERGİ VARLIĞI,2026/06,0
MNG,balance,CARİ DÖNEM VERGİ VARLIĞI,2025/12,0
MNG,balance,ERTELENMİŞ VERGİ VARLIĞI,2026/06,24722
MNG,balance,ERTELENMİŞ VERGİ VARLIĞI,2025/12,30657
MNG,balance,DİĞER AKTİFLER,2026/06,188761
MNG,balance,DİĞER AKTİFLER,2025/12,110245
MNG,balance,ARA TOPLAM,2026/06,4897881
MNG,balance,ARA TOPLAM,2025/12,3115915
MNG,balance,SATIŞ AMAÇLI ELDE TUTULAN VE DURDURULAN FAALİYETLERE İLİŞKİN VARLIKLAR (Net),2026/06,2805
MNG,balance,SATIŞ AMAÇLI ELDE TUTULAN VE DURDURULAN FAALİYETLERE İLİŞKİN VARLIKLAR (Net),2025/12,2805
MNG,balance,Satış Amaçlı,2026/06,2805
MNG,balance,Satış Amaçlı,2025/12,2805
MNG,balance,Durdurulan Faaliyetlere İlişkin,2026/06,0
MNG,balance,Durdurulan Faaliyetlere İlişkin,2025/12,0
MNG,balance,VARLIKLAR TOPLAMI,2026/06,4900686
MNG,balance,VARLIKLAR TOPLAMI,2025/12,3118720
MNG,balance,ALINAN KREDİLER,2026/06,3614302
MNG,balance,ALINAN KREDİLER,2025/12,2231602
MNG,balance,FAKTORİNG BORÇLARI,2026/06,681
MNG,balance,FAKTORİNG BORÇLARI,2025/12,476
MNG,balance,TASARRUF FON HAVUZUNDAN BORÇLAR,2026/06,0
MNG,balance,TASARRUF FON HAVUZUNDAN BORÇLAR,2025/12,0
MNG,balance,KİRALAMA İŞLEMLERİNDEN BORÇLAR,2026/06,52043
MNG,balance,KİRALAMA İŞLEMLERİNDEN BORÇLAR,2025/12,54097
MNG,balance,İHRAÇ EDİLEN MENKUL KIYMETLER (Net),2026/06,546364
MNG,balance,İHRAÇ EDİLEN MENKUL KIYMETLER (Net),2025/12,290615
MNG,balance,GERÇEĞE UYGUN DEĞER FARKI KAR ZARARA YANSITILAN FİNANSAL YÜKÜMLÜLÜKLER,2026/06,0
MNG,balance,GERÇEĞE UYGUN DEĞER FARKI KAR ZARARA YANSITILAN FİNANSAL YÜKÜMLÜLÜKLER,2025/12,0
MNG,balance,TÜREV FİNANSAL YÜKÜMLÜLÜKLER,2026/06,0
MNG,balance,TÜREV FİNANSAL YÜKÜMLÜLÜKLER,2025/12,0
MNG,balance,KARŞILIKLAR,2026/06,21064
MNG,balance,KARŞILIKLAR,2025/12,19805
MNG,balance,Yeniden Yapılanma Karşılığı,2026/06,0
MNG,balance,Yeniden Yapılanma Karşılığı,2025/12,0
MNG,balance,Çalışan Hakları Yükümlülüğü Karşılığı,2026/06,20804
MNG,balance,Çalışan Hakları Yükümlülüğü Karşılığı,2025/12,19805
MNG,balance,Genel Karşılıklar,2026/06,0
MNG,balance,Genel Karşılıklar,2025/12,0
MNG,balance,Diğer Karşılıklar,2026/06,260
MNG,balance,Diğer Karşılıklar,2025/12,0
MNG,balance,CARİ VERGİ BORCU,2026/06,45344
MNG,balance,CARİ VERGİ BORCU,2025/12,19771
MNG,balance,ERTELENMİŞ VERGİ BORCU,2026/06,0
MNG,balance,ERTELENMİŞ VERGİ BORCU,2025/12,0
MNG,balance,SERMAYE BENZERİ BORÇLANMA ARAÇLARI,2026/06,0
MNG,balance,SERMAYE BENZERİ BORÇLANMA ARAÇLARI,2025/12,0
MNG,balance,DİĞER YÜKÜMLÜLÜKLER,2026/06,9166
MNG,balance,DİĞER YÜKÜMLÜLÜKLER,2025/12,6652
MNG,balance,ARA TOPLAM,2026/06,4288964
MNG,balance,ARA TOPLAM,2025/12,2623018
MNG,balance,SATIŞ AMAÇLI ELDE TUTULAN VE DURDURULAN FAALİYETLERE İLİŞKİN DURAN VARLIK BORÇLARI (Net),2026/06,0
MNG,balance,SATIŞ AMAÇLI ELDE TUTULAN VE DURDURULAN FAALİYETLERE İLİŞKİN DURAN VARLIK BORÇLARI (Net),2025/12,0
MNG,balance,Satış Amaçlı,2026/06,0
MNG,balance,Satış Amaçlı,2025/12,0
MNG,balance,Durdurulan Faaliyetlere İlişkin,2026/06,0
MNG,balance,Durdurulan Faaliyetlere İlişkin,2025/12,0
MNG,balance,ÖZKAYNAKLAR,2026/06,611722
MNG,balance,ÖZKAYNAKLAR,2025/12,495702
MNG,balance,Ödenmiş Sermaye,2026/06,270000
MNG,balance,Ödenmiş Sermaye,2025/12,270000
MNG,balance,Sermaye Yedekleri,2026/06,4680
MNG,balance,Sermaye Yedekleri,2025/12,3743
MNG,balance,Hisse Senedi İhraç Primleri,2026/06,0
MNG,balance,Hisse Senedi İhraç Primleri,2025/12,0
MNG,balance,Hisse Senedi İptal Karları,2026/06,0
MNG,balance,Hisse Senedi İptal Karları,2025/12,0
MNG,balance,Diğer Sermaye Yedekleri,2026/06,4680
MNG,balance,Diğer Sermaye Yedekleri,2025/12,3743
MNG,balance,Kar veya Zararda Yeniden Sınıflandırılmayacak Birikmiş Diğer Kapsamlı Gelirler veya Giderler,2026/06,-16043
MNG,balance,Kar veya Zararda Yeniden Sınıflandırılmayacak Birikmiş Diğer Kapsamlı Gelirler veya Giderler,2025/12,-15600
MNG,balance,Kar veya Zararda Yeniden Sınıflandırılacak Birikmiş Diğer Kapsamlı Gelirler veya Giderler,2026/06,0
MNG,balance,Kar veya Zararda Yeniden Sınıflandırılacak Birikmiş Diğer Kapsamlı Gelirler veya Giderler,2025/12,0
MNG,balance,Kar Yedekleri,2026/06,75374
MNG,balance,Kar Yedekleri,2025/12,75374
MNG,balance,Yasal Yedekler,2026/06,22444
MNG,balance,Yasal Yedekler,2025/12,22444
MNG,balance,Statü Yedekleri,2026/06,0
MNG,balance,Statü Yedekleri,2025/12,0
MNG,balance,Olağanüstü Yedekler,2026/06,52930
MNG,balance,Olağanüstü Yedekler,2025/12,52930
MNG,balance,Diğer Kar Yedekleri,2026/06,0
MNG,balance,Diğer Kar Yedekleri,2025/12,0
MNG,balance,Kar veya Zarar,2026/06,277711
MNG,balance,Kar veya Zarar,2025/12,162185
MNG,balance,Geçmiş Yıllar Kar veya Zararı,2026/06,161248
MNG,balance,Geçmiş Yıllar Kar veya Zararı,2025/12,0
MNG,balance,Dönem Net Kâr veya Zararı,2026/06,116463
MNG,balance,Dönem Net Kâr veya Zararı,2025/12,162185
MNG,balance,Kontrol Gücü Olmayan Paylar,2026/06,0
MNG,balance,Kontrol Gücü Olmayan Paylar,2025/12,0
MNG,balance,YÜKÜMLÜLÜKLER TOPLAMI,2026/06,4900686
MNG,balance,YÜKÜMLÜLÜKLER TOPLAMI,2025/12,3118720
MNG,off_balance,RİSKİ ÜSTLENİLEN FAKTORİNG İŞLEMLERİ,2026/06,199907
MNG,off_balance,RİSKİ ÜSTLENİLEN FAKTORİNG İŞLEMLERİ,2025/12,159030
MNG,off_balance,RİSKİ ÜSTLENİLMEYEN FAKTORİNG İŞLEMLERİ,2026/06,679406
MNG,off_balance,RİSKİ ÜSTLENİLMEYEN FAKTORİNG İŞLEMLERİ,2025/12,472282
MNG,off_balance,TASARRUF FİNANSMAN SÖZLEŞMELERİ İŞLEMLERİ,2026/06,0
MNG,off_balance,TASARRUF FİNANSMAN SÖZLEŞMELERİ İŞLEMLERİ,2025/12,0
MNG,off_balance,ALINAN TEMİNATLAR,2026/06,37529301
MNG,off_balance,ALINAN TEMİNATLAR,2025/12,25860012
MNG,off_balance,VERİLEN TEMİNATLAR,2026/06,0
MNG,off_balance,VERİLEN TEMİNATLAR,2025/12,0
MNG,off_balance,TAAHHÜTLER,2026/06,0
MNG,off_balance,TAAHHÜTLER,2025/12,0
MNG,off_balance,Cayılamaz Taahhütler,2026/06,0
MNG,off_balance,Cayılamaz Taahhütler,2025/12,0
MNG,off_balance,Cayılabilir Taahhütler,2026/06,0
MNG,off_balance,Cayılabilir Taahhütler,2025/12,0
MNG,off_balance,Kiralama Taahhütleri,2026/06,0
MNG,off_balance,Kiralama Taahhütleri,2025/12,0
MNG,off_balance,Finansal Kiralama Taahhütleri,2026/06,0
MNG,off_balance,Finansal Kiralama Taahhütleri,2025/12,0
MNG,off_balance,Faaliyet Kiralama Taahhütleri,2026/06,0
MNG,off_balance,Faaliyet Kiralama Taahhütleri,2025/12,0
MNG,off_balance,Diğer Cayılabilir Taahhütler,2026/06,0
MNG,off_balance,Diğer Cayılabilir Taahhütler,2025/12,0
MNG,off_balance,TÜREV FİNANSAL ARAÇLAR,2026/06,0
MNG,off_balance,TÜREV FİNANSAL ARAÇLAR,2025/12,0
MNG,off_balance,Riskten Korunma Amaçlı Türev Finansal Araçlar,2026/06,0
MNG,off_balance,Riskten Korunma Amaçlı Türev Finansal Araçlar,2025/12,0
MNG,off_balance,Gerçeğe Uygun Değer Riskinden Korunma Amaçlı İşlemler,2026/06,0
MNG,off_balance,Gerçeğe Uygun Değer Riskinden Korunma Amaçlı İşlemler,2025/12,0
MNG,off_balance,Nakit Akış Riskinden Korunma Amaçlı İşlemler,2026/06,0
MNG,off_balance,Nakit Akış Riskinden Korunma Amaçlı İşlemler,2025/12,0
MNG,off_balance,Yurtdışındaki Net Yatırım Riskinden Korunma Amaçlı İşlemler,2026/06,0
MNG,off_balance,Yurtdışındaki Net Yatırım Riskinden Korunma Amaçlı İşlemler,2025/12,0
MNG,off_balance,Alım Satım Amaçlı İşlemler,2026/06,0
MNG,off_balance,Alım Satım Amaçlı İşlemler,2025/12,0
MNG,off_balance,Vadeli Alım Satım İşlemleri,2026/06,0
MNG,off_balance,Vadeli Alım Satım İşlemleri,2025/12,0
MNG,off_balance,Swap Alım Satım İşlemleri,2026/06,0
MNG,off_balance,Swap Alım Satım İşlemleri,2025/12,0
MNG,off_balance,Alım Satım Opsiyon İşlemleri,2026/06,0
MNG,off_balance,Alım Satım Opsiyon İşlemleri,2025/12,0
MNG,off_balance,Futures Alım Satım İşlemleri,2026/06,0
MNG,off_balance,Futures Alım Satım İşlemleri,2025/12,0
MNG,off_balance,Diğer,2026/06,0
MNG,off_balance,Diğer,2025/12,0
MNG,off_balance,EMANET KIYMETLER,2026/06,5487630
MNG,off_balance,EMANET KIYMETLER,2025/12,3548258
MNG,off_balance,NAZIM HESAPLAR TOPLAMI,2026/06,43896244
MNG,off_balance,NAZIM HESAPLAR TOPLAMI,2025/12,30039582
MNG,pnl,ESAS FAALİYET GELİRLERİ,2026/06,1111904
MNG,pnl,ESAS FAALİYET GELİRLERİ,2025/06,624578
MNG,pnl,FAKTORİNG GELİRLERİ,2026/06,1111904
MNG,pnl,FAKTORİNG GELİRLERİ,2025/06,624578
MNG,pnl,Faktoring Alacaklarından Alınan Faizler,2026/06,1108466
MNG,pnl,Faktoring Alacaklarından Alınan Faizler,2025/06,622701
MNG,pnl,İskontolu,2026/06,1009802
MNG,pnl,İskontolu,2025/06,592509
MNG,pnl,Diğer,2026/06,98664
MNG,pnl,Diğer,2025/06,30192
MNG,pnl,Faktoring Alacaklarından Alınan Ücret ve Komisyonlar,2026/06,3438
MNG,pnl,Faktoring Alacaklarından Alınan Ücret ve Komisyonlar,2025/06,1877
MNG,pnl,İskontolu,2026/06,3438
MNG,pnl,İskontolu,2025/06,1877
MNG,pnl,Diğer,2026/06,0
MNG,pnl,Diğer,2025/06,0
MNG,pnl,FİNANSMAN KREDİLERİNDEN GELİRLER,2026/06,0
MNG,pnl,FİNANSMAN KREDİLERİNDEN GELİRLER,2025/06,0
MNG,pnl,Finansman Kredilerinden Alınan Faizler,2026/06,0
MNG,pnl,Finansman Kredilerinden Alınan Faizler,2025/06,0
MNG,pnl,Finansman Kredilerinden Alınan Ücret ve Komisyonlar,2026/06,0
MNG,pnl,Finansman Kredilerinden Alınan Ücret ve Komisyonlar,2025/06,0
MNG,pnl,KİRALAMA GELİRLERİ,2026/06,0
MNG,pnl,KİRALAMA GELİRLERİ,2025/06,0
MNG,pnl,Finansal Kiralama Gelirleri,2026/06,0
MNG,pnl,Finansal Kiralama Gelirleri,2025/06,0
MNG,pnl,Faaliyet Kiralaması Gelirleri,2026/06,0
MNG,pnl,Faaliyet Kiralaması Gelirleri,2025/06,0
MNG,pnl,Kiralama İşlemlerinden Alınan Ücret ve Komisyonlar,2026/06,0
MNG,pnl,Kiralama İşlemlerinden Alınan Ücret ve Komisyonlar,2025/06,0
MNG,pnl,TASARRUF FİNANSMAN GELİRLERİ,2026/06,0
MNG,pnl,TASARRUF FİNANSMAN GELİRLERİ,2025/06,0
MNG,pnl,Tasarruf Finansman Alacaklarından Alınan Kâr Payları,2026/06,0
MNG,pnl,Tasarruf Finansman Alacaklarından Alınan Kâr Payları,2025/06,0
MNG,pnl,Tasarruf Finansman Faaliyetlerinden Alınan Ücret ve Komisyonlar,2026/06,0
MNG,pnl,Tasarruf Finansman Faaliyetlerinden Alınan Ücret ve Komisyonlar,2025/06,0
MNG,pnl,FİNANSMAN GİDERLERİ (-),2026/06,-665770
MNG,pnl,FİNANSMAN GİDERLERİ (-),2025/06,-380479
MNG,pnl,Tasarruf Fon Havuzuna Verilen Kâr Payları,2026/06,-0
MNG,pnl,Tasarruf Fon Havuzuna Verilen Kâr Payları,2025/06,-0
MNG,pnl,Kullanılan Kredilere Verilen Faizler,2026/06,-540137
MNG,pnl,Kullanılan Kredilere Verilen Faizler,2025/06,-307368
MNG,pnl,Faktoring İşlemlerinden Borçlara Verilen Faizler,2026/06,-0
MNG,pnl,Faktoring İşlemlerinden Borçlara Verilen Faizler,2025/06,-0
MNG,pnl,Kiralama İşlemlerine İlişkin Faiz Giderleri,2026/06,-10129
MNG,pnl,Kiralama İşlemlerine İlişkin Faiz Giderleri,2025/06,-4784
MNG,pnl,İhraç Edilen Menkul Kıymetlere Verilen Faizler,2026/06,-91514
MNG,pnl,İhraç Edilen Menkul Kıymetlere Verilen Faizler,2025/06,-54626
MNG,pnl,Diğer Faiz Giderleri,2026/06,-84
MNG,pnl,Diğer Faiz Giderleri,2025/06,-32
MNG,pnl,Verilen Ücret ve Komisyonlar,2026/06,-23906
MNG,pnl,Verilen Ücret ve Komisyonlar,2025/06,-13669
MNG,pnl,BRÜT KAR (ZARAR),2026/06,446134
MNG,pnl,BRÜT KAR (ZARAR),2025/06,244099
MNG,pnl,ESAS FAALİYET GİDERLERİ (-),2026/06,-258887
MNG,pnl,ESAS FAALİYET GİDERLERİ (-),2025/06,-138680
MNG,pnl,Personel Giderleri,2026/06,-157188
MNG,pnl,Personel Giderleri,2025/06,-83530
MNG,pnl,Kıdem Tazminatı Karşılığı Gideri,2026/06,-3339
MNG,pnl,Kıdem Tazminatı Karşılığı Gideri,2025/06,-3339
MNG,pnl,Araştırma ve Geliştirme Giderleri,2026/06,-0
MNG,pnl,Araştırma ve Geliştirme Giderleri,2025/06,-0
MNG,pnl,Genel İşletme Giderleri,2026/06,-98360
MNG,pnl,Genel İşletme Giderleri,2025/06,-51811
MNG,pnl,Diğer,2026/06,-0
MNG,pnl,Diğer,2025/06,-0
MNG,pnl,BRÜT FAALİYET KARI (ZARARI),2026/06,187247
MNG,pnl,BRÜT FAALİYET KARI (ZARARI),2025/06,105419
MNG,pnl,DİĞER FAALİYET GELİRLERİ,2026/06,32210
MNG,pnl,DİĞER FAALİYET GELİRLERİ,2025/06,19878
MNG,pnl,Bankalardan Alınan Faizler,2026/06,19499
MNG,pnl,Bankalardan Alınan Faizler,2025/06,10842
MNG,pnl,Menkul Değerlerden Alınan Faizler,2026/06,119
MNG,pnl,Menkul Değerlerden Alınan Faizler,2025/06,48
MNG,pnl,Temettü Gelirleri,2026/06,0
MNG,pnl,Temettü Gelirleri,2025/06,0
MNG,pnl,Sermaye Piyasası İşlemleri Karı,2026/06,0
MNG,pnl,Sermaye Piyasası İşlemleri Karı,2025/06,0
MNG,pnl,Türev Finansal İşlemler Karı,2026/06,0
MNG,pnl,Türev Finansal İşlemler Karı,2025/06,0
MNG,pnl,Kambiyo İşlemleri Karı,2026/06,678
MNG,pnl,Kambiyo İşlemleri Karı,2025/06,581
MNG,pnl,Diğer,2026/06,11914
MNG,pnl,Diğer,2025/06,8407
MNG,pnl,KARŞILIK GİDERLERİ,2026/06,-51059
MNG,pnl,KARŞILIK GİDERLERİ,2025/06,-28537
MNG,pnl,Özel Karşılıklar,2026/06,-50799
MNG,pnl,Özel Karşılıklar,2025/06,-28277
MNG,pnl,Beklenen Zarar Karşılıkları,2026/06,-0
MNG,pnl,Beklenen Zarar Karşılıkları,2025/06,-0
MNG,pnl,Genel Karşılıklar,2026/06,-0
MNG,pnl,Genel Karşılıklar,2025/06,-0
MNG,pnl,Diğer,2026/06,-260
MNG,pnl,Diğer,2025/06,-260
MNG,pnl,DİĞER FAALİYET GİDERLERİ (-),2026/06,-1
MNG,pnl,DİĞER FAALİYET GİDERLERİ (-),2025/06,-0
MNG,pnl,Menkul Değerler Değer Düşüş Gideri,2026/06,-0
MNG,pnl,Menkul Değerler Değer Düşüş Gideri,2025/06,-0
MNG,pnl,Duran Varlıklar Değer Düşüş Giderleri,2026/06,-0
MNG,pnl,Duran Varlıklar Değer Düşüş Giderleri,2025/06,-0
MNG,pnl,Sermaye Piyasası İşlemleri Zararı,2026/06,-0
MNG,pnl,Sermaye Piyasası İşlemleri Zararı,2025/06,-0
MNG,pnl,Türev Finansal İşlemlerden Zarar,2026/06,-0
MNG,pnl,Türev Finansal İşlemlerden Zarar,2025/06,-0
MNG,pnl,Kambiyo İşlemleri Zararı,2026/06,-1
MNG,pnl,Kambiyo İşlemleri Zararı,2025/06,-0
MNG,pnl,Diğer,2026/06,-0
MNG,pnl,Diğer,2025/06,-0
MNG,pnl,NET FAALİYET KARI (ZARARI),2026/06,168397
MNG,pnl,NET FAALİYET KARI (ZARARI),2025/06,96760
MNG,pnl,BİRLEŞME İŞLEMİ SONRASINDA GELİR OLARAK KAYDEDİLEN FAZLALIK TUTARI,2026/06,0
MNG,pnl,BİRLEŞME İŞLEMİ SONRASINDA GELİR OLARAK KAYDEDİLEN FAZLALIK TUTARI,2025/06,0
MNG,pnl,ÖZKAYNAK YÖNTEMİ UYGULANAN ORTAKLIKLARDAN KAR (ZARAR),2026/06,0
MNG,pnl,ÖZKAYNAK YÖNTEMİ UYGULANAN ORTAKLIKLARDAN KAR (ZARAR),2025/06,0
MNG,pnl,NET PARASAL POZİSYON KARI (ZARARI),2026/06,0
MNG,pnl,NET PARASAL POZİSYON KARI (ZARARI),2025/06,0
MNG,pnl,SÜRDÜRÜLEN FAALİYETLER VERGİ ÖNCESİ KARI (ZARARI),2026/06,168397
MNG,pnl,SÜRDÜRÜLEN FAALİYETLER VERGİ ÖNCESİ KARI (ZARARI),2025/06,96760
MNG,pnl,SÜRDÜRÜLEN FAALİYETLER VERGİ KARŞILIĞI (+/-),2026/06,-51934
MNG,pnl,SÜRDÜRÜLEN FAALİYETLER VERGİ KARŞILIĞI (+/-),2025/06,-30443
MNG,pnl,Cari Vergi Karşılığı,2026/06,-45810
MNG,pnl,Cari Vergi Karşılığı,2025/06,-24319
MNG,pnl,Ertelenmiş Vergi Gider Etkisi,2026/06,-6124
MNG,pnl,Ertelenmiş Vergi Gider Etkisi,2025/06,-6124
MNG,pnl,Ertelenmiş Vergi Gelir Etkisi,2026/06,0
MNG,pnl,Ertelenmiş Vergi Gelir Etkisi,2025/06,0
MNG,pnl,SÜRDÜRÜLEN FAALİYETLER DÖNEM NET KARI (ZARARI),2026/06,116463
MNG,pnl,SÜRDÜRÜLEN FAALİYETLER DÖNEM NET KARI (ZARARI),2025/06,66317
MNG,pnl,DURDURULAN FAALİYETLERDEN GELİRLER,2026/06,0
MNG,pnl,DURDURULAN FAALİYETLERDEN GELİRLER,2025/06,0
MNG,pnl,Satış Amaçlı Elde Tutulan Duran Varlık Gelirleri,2026/06,0
MNG,pnl,Satış Amaçlı Elde Tutulan Duran Varlık Gelirleri,2025/06,0
MNG,pnl,"İştirak, Bağlı Ortaklık ve Birlikte Kontrol Edilen Ortaklıklar (İş Ort.) Satış Karları",2026/06,0
MNG,pnl,"İştirak, Bağlı Ortaklık ve Birlikte Kontrol Edilen Ortaklıklar (İş Ort.) Satış Karları",2025/06,0
MNG,pnl,Diğer Durdurulan Faaliyet Gelirleri,2026/06,0
MNG,pnl,Diğer Durdurulan Faaliyet Gelirleri,2025/06,0
MNG,pnl,DURDURULAN FAALİYETLERDEN GİDERLER (-),2026/06,-0
MNG,pnl,DURDURULAN FAALİYETLERDEN GİDERLER (-),2025/06,-0
MNG,pnl,Satış Amaçlı Elde Tutulan Duran Varlık Giderleri,2026/06,-0
MNG,pnl,Satış Amaçlı Elde Tutulan Duran Varlık Giderleri,2025/06,-0
MNG,pnl,"İştirak, Bağlı Ortaklık ve Birlikte Kontrol Edilen Ortaklıklar (İş Ort.) Satış Zararları",2026/06,-0
MNG,pnl,"İştirak, Bağlı Ortaklık ve Birlikte Kontrol Edilen Ortaklıklar (İş Ort.) Satış Zararları",2025/06,-0
MNG,pnl,Diğer Durdurulan Faaliyet Giderleri,2026/06,-0
MNG,pnl,Diğer Durdurulan Faaliyet Giderleri,2025/06,-0
MNG,pnl,DURDURULAN FAALİYETLER VERGİ ÖNCESİ KARI (ZARARI),2026/06,0
MNG,pnl,DURDURULAN FAALİYETLER VERGİ ÖNCESİ KARI (ZARARI),2025/06,0
MNG,pnl,DURDURULAN FAALİYETLER VERGİ KARŞILIĞI (+/-),2026/06,-0
MNG,pnl,DURDURULAN FAALİYETLER VERGİ KARŞILIĞI (+/-),2025/06,-0
MNG,pnl,Cari Vergi Karşılığı,2026/06,-0
MNG,pnl,Cari Vergi Karşılığı,2025/06,-0
MNG,pnl,Ertelenmiş Vergi Gider Etkisi,2026/06,-0
MNG,pnl,Ertelenmiş Vergi Gider Etkisi,2025/06,-0
MNG,pnl,Ertelenmiş Vergi Gelir Etkisi,2026/06,0
MNG,pnl,Ertelenmiş Vergi Gelir Etkisi,2025/06,0
MNG,pnl,DURDURULAN FAALİYETLER DÖNEM NET KARI (ZARARI),2026/06,0
MNG,pnl,DURDURULAN FAALİYETLER DÖNEM NET KARI (ZARARI),2025/06,0
MNG,pnl,DÖNEM NET KARI VEYA ZARARI,2026/06,116463
MNG,pnl,DÖNEM NET KARI VEYA ZARARI,2025/06,66317
MNG,pnl,Kontrol Gücü Olmayan Paylar,2026/06,0
MNG,pnl,Kontrol Gücü Olmayan Paylar,2025/06,0
MNG,pnl,Ana Ortaklık Payları,2026/06,116463
MNG,pnl,Ana Ortaklık Payları,2025/06,66317
MNG,pnl,Sürdürülen Faaliyetlerden Hisse Başına Kazanç (Zarar),2026/06,
MNG,pnl,Sürdürülen Faaliyetlerden Hisse Başına Kazanç (Zarar),2025/06,
MNG,pnl,Durdurulan Faaliyetlerden Hisse Başına Kazanç (Zarar),2026/06,
MNG,pnl,Durdurulan Faaliyetlerden Hisse Başına Kazanç (Zarar),2025/06,
MNG,pnl,Sürdürülen Faaliyetlerden Hisse Başına Kazanç (Zarar),2026/06,
MNG,pnl,Sürdürülen Faaliyetlerden Hisse Başına Kazanç (Zarar),2025/06,
MNG,pnl,Durdurulan Faaliyetlerden Hisse Başına Kazanç (Zarar),2026/06,
MNG,pnl,Durdurulan Faaliyetlerden Hisse Başına Kazanç (Zarar),2025/06,
TAM_FINANS,balance,"NAKİT, NAKİT BENZERLERİ ve MERKEZ BANKASI",2026/06,603915
TAM_FINANS,balance,"NAKİT, NAKİT BENZERLERİ ve MERKEZ BANKASI",2025/12,642257
TAM_FINANS,balance,GERÇEĞE UYGUN DEĞER FARKI KAR/ZARARA YANSITILAN FİNANSAL VARLIKLAR (Net),2026/06,7605
TAM_FINANS,balance,GERÇEĞE UYGUN DEĞER FARKI KAR/ZARARA YANSITILAN FİNANSAL VARLIKLAR (Net),2025/12,6815
TAM_FINANS,balance,TÜREV FİNANSAL VARLIKLAR,2026/06,0
TAM_FINANS,balance,TÜREV FİNANSAL VARLIKLAR,2025/12,0
TAM_FINANS,balance,GERÇEĞE UYGUN DEĞER FARKI DİĞER KAPSAMLI GELİRE YANSITILAN FİNANSAL VARLIKLAR (Net),2026/06,0
TAM_FINANS,balance,GERÇEĞE UYGUN DEĞER FARKI DİĞER KAPSAMLI GELİRE YANSITILAN FİNANSAL VARLIKLAR (Net),2025/12,0
TAM_FINANS,balance,İTFA EDİLMİŞ MALİYETİ İLE ÖLÇÜLEN FİNANSAL VARLIKLAR (Net),2026/06,40265115
TAM_FINANS,balance,İTFA EDİLMİŞ MALİYETİ İLE ÖLÇÜLEN FİNANSAL VARLIKLAR (Net),2025/12,27237713
TAM_FINANS,balance,Faktoring Alacakları,2026/06,40135115
TAM_FINANS,balance,Faktoring Alacakları,2025/12,27209010
TAM_FINANS,balance,İskontolu Faktoring Alacakları (Net),2026/06,36362238
TAM_FINANS,balance,İskontolu Faktoring Alacakları (Net),2025/12,24524078
TAM_FINANS,balance,Diğer Faktoring Alacakları,2026/06,3772877
TAM_FINANS,balance,Diğer Faktoring Alacakları,2025/12,2684932
TAM_FINANS,balance,Tasarruf Finansman Alacakları,2026/06,0
TAM_FINANS,balance,Tasarruf Finansman Alacakları,2025/12,0
TAM_FINANS,balance,Tasarruf Fon Havuzundan,2026/06,0
TAM_FINANS,balance,Tasarruf Fon Havuzundan,2025/12,0
TAM_FINANS,balance,Özkaynaklardan,2026/06,0
TAM_FINANS,balance,Özkaynaklardan,2025/12,0
TAM_FINANS,balance,Finansman Kredileri,2026/06,0
TAM_FINANS,balance,Finansman Kredileri,2025/12,0
TAM_FINANS,balance,Tüketici Kredileri,2026/06,0
TAM_FINANS,balance,Tüketici Kredileri,2025/12,0
TAM_FINANS,balance,Kredi Kartları,2026/06,0
TAM_FINANS,balance,Kredi Kartları,2025/12,0
TAM_FINANS,balance,Taksitli Ticari Krediler,2026/06,0
TAM_FINANS,balance,Taksitli Ticari Krediler,2025/12,0
TAM_FINANS,balance,Kiralama İşlemleri (Net),2026/06,0
TAM_FINANS,balance,Kiralama İşlemleri (Net),2025/12,0
TAM_FINANS,balance,Finansal Kiralama Alacakları,2026/06,0
TAM_FINANS,balance,Finansal Kiralama Alacakları,2025/12,0
TAM_FINANS,balance,Faaliyet Kiralaması Alacakları,2026/06,0
TAM_FINANS,balance,Faaliyet Kiralaması Alacakları,2025/12,0
TAM_FINANS,balance,Kazanılmamış Gelirler (-),2026/06,-0
TAM_FINANS,balance,Kazanılmamış Gelirler (-),2025/12,-0
TAM_FINANS,balance,İtfa Edilmiş Maliyeti ile Ölçülen Diğer Finansal Varlıklar,2026/06,0
TAM_FINANS,balance,İtfa Edilmiş Maliyeti ile Ölçülen Diğer Finansal Varlıklar,2025/12,0
TAM_FINANS,balance,Takipteki Alacaklar,2026/06,1819066
TAM_FINANS,balance,Takipteki Alacaklar,2025/12,1397675
TAM_FINANS,balance,Beklenen Zarar Karşılıkları / Özel Karşılıklar (-),2026/06,-1689066
TAM_FINANS,balance,Beklenen Zarar Karşılıkları / Özel Karşılıklar (-),2025/12,-1368972
TAM_FINANS,balance,ORTAKLIK YATIRIMLARI,2026/06,0
TAM_FINANS,balance,ORTAKLIK YATIRIMLARI,2025/12,0
TAM_FINANS,balance,İştirakler (Net),2026/06,0
TAM_FINANS,balance,İştirakler (Net),2025/12,0
TAM_FINANS,balance,Bağlı Ortaklıklar (Net),2026/06,0
TAM_FINANS,balance,Bağlı Ortaklıklar (Net),2025/12,0
TAM_FINANS,balance,Birlikte Kontrol Edilen Ortaklıklar (İş Ortaklıkları) (Net),2026/06,0
TAM_FINANS,balance,Birlikte Kontrol Edilen Ortaklıklar (İş Ortaklıkları) (Net),2025/12,0
TAM_FINANS,balance,MADDİ DURAN VARLIKLAR (Net),2026/06,961746
TAM_FINANS,balance,MADDİ DURAN VARLIKLAR (Net),2025/12,890923
TAM_FINANS,balance,MADDİ OLMAYAN DURAN VARLIKLAR (Net),2026/06,477898
TAM_FINANS,balance,MADDİ OLMAYAN DURAN VARLIKLAR (Net),2025/12,338329
TAM_FINANS,balance,YATIRIM AMAÇLI GAYRİMENKULLER (Net),2026/06,0
TAM_FINANS,balance,YATIRIM AMAÇLI GAYRİMENKULLER (Net),2025/12,0
TAM_FINANS,balance,CARİ DÖNEM VERGİ VARLIĞI,2026/06,0
TAM_FINANS,balance,CARİ DÖNEM VERGİ VARLIĞI,2025/12,0
TAM_FINANS,balance,ERTELENMİŞ VERGİ VARLIĞI,2026/06,236795
TAM_FINANS,balance,ERTELENMİŞ VERGİ VARLIĞI,2025/12,612037
TAM_FINANS,balance,DİĞER AKTİFLER,2026/06,678951
TAM_FINANS,balance,DİĞER AKTİFLER,2025/12,438759
TAM_FINANS,balance,ARA TOPLAM,2026/06,43232025
TAM_FINANS,balance,ARA TOPLAM,2025/12,30166833
TAM_FINANS,balance,SATIŞ AMAÇLI ELDE TUTULAN VE DURDURULAN FAALİYETLERE İLİŞKİN VARLIKLAR (Net),2026/06,0
TAM_FINANS,balance,SATIŞ AMAÇLI ELDE TUTULAN VE DURDURULAN FAALİYETLERE İLİŞKİN VARLIKLAR (Net),2025/12,0
TAM_FINANS,balance,Satış Amaçlı,2026/06,0
TAM_FINANS,balance,Satış Amaçlı,2025/12,0
TAM_FINANS,balance,Durdurulan Faaliyetlere İlişkin,2026/06,0
TAM_FINANS,balance,Durdurulan Faaliyetlere İlişkin,2025/12,0
TAM_FINANS,balance,VARLIKLAR TOPLAMI,2026/06,43232025
TAM_FINANS,balance,VARLIKLAR TOPLAMI,2025/12,30166833
TAM_FINANS,balance,ALINAN KREDİLER,2026/06,22047679
TAM_FINANS,balance,ALINAN KREDİLER,2025/12,13806447
TAM_FINANS,balance,FAKTORİNG BORÇLARI,2026/06,10951790
TAM_FINANS,balance,FAKTORİNG BORÇLARI,2025/12,6696303
TAM_FINANS,balance,TASARRUF FON HAVUZUNDAN BORÇLAR,2026/06,0
TAM_FINANS,balance,TASARRUF FON HAVUZUNDAN BORÇLAR,2025/12,0
TAM_FINANS,balance,KİRALAMA İŞLEMLERİNDEN BORÇLAR,2026/06,529723
TAM_FINANS,balance,KİRALAMA İŞLEMLERİNDEN BORÇLAR,2025/12,524968
TAM_FINANS,balance,İHRAÇ EDİLEN MENKUL KIYMETLER (Net),2026/06,4308282
TAM_FINANS,balance,İHRAÇ EDİLEN MENKUL KIYMETLER (Net),2025/12,5071303
TAM_FINANS,balance,GERÇEĞE UYGUN DEĞER FARKI KAR ZARARA YANSITILAN FİNANSAL YÜKÜMLÜLÜKLER,2026/06,0
TAM_FINANS,balance,GERÇEĞE UYGUN DEĞER FARKI KAR ZARARA YANSITILAN FİNANSAL YÜKÜMLÜLÜKLER,2025/12,0
TAM_FINANS,balance,TÜREV FİNANSAL YÜKÜMLÜLÜKLER,2026/06,15778
TAM_FINANS,balance,TÜREV FİNANSAL YÜKÜMLÜLÜKLER,2025/12,0
TAM_FINANS,balance,KARŞILIKLAR,2026/06,94958
TAM_FINANS,balance,KARŞILIKLAR,2025/12,130793
TAM_FINANS,balance,Yeniden Yapılanma Karşılığı,2026/06,0
TAM_FINANS,balance,Yeniden Yapılanma Karşılığı,2025/12,0
TAM_FINANS,balance,Çalışan Hakları Yükümlülüğü Karşılığı,2026/06,91194
TAM_FINANS,balance,Çalışan Hakları Yükümlülüğü Karşılığı,2025/12,125556
TAM_FINANS,balance,Genel Karşılıklar,2026/06,0
TAM_FINANS,balance,Genel Karşılıklar,2025/12,0
TAM_FINANS,balance,Diğer Karşılıklar,2026/06,3764
TAM_FINANS,balance,Diğer Karşılıklar,2025/12,5237
TAM_FINANS,balance,CARİ VERGİ BORCU,2026/06,72
TAM_FINANS,balance,CARİ VERGİ BORCU,2025/12,123513
TAM_FINANS,balance,ERTELENMİŞ VERGİ BORCU,2026/06,0
TAM_FINANS,balance,ERTELENMİŞ VERGİ BORCU,2025/12,0
TAM_FINANS,balance,SERMAYE BENZERİ BORÇLANMA ARAÇLARI,2026/06,0
TAM_FINANS,balance,SERMAYE BENZERİ BORÇLANMA ARAÇLARI,2025/12,0
TAM_FINANS,balance,DİĞER YÜKÜMLÜLÜKLER,2026/06,1180979
TAM_FINANS,balance,DİĞER YÜKÜMLÜLÜKLER,2025/12,759066
TAM_FINANS,balance,ARA TOPLAM,2026/06,39129261
TAM_FINANS,balance,ARA TOPLAM,2025/12,27112393
TAM_FINANS,balance,SATIŞ AMAÇLI ELDE TUTULAN VE DURDURULAN FAALİYETLERE İLİŞKİN DURAN VARLIK BORÇLARI (Net),2026/06,0
TAM_FINANS,balance,SATIŞ AMAÇLI ELDE TUTULAN VE DURDURULAN FAALİYETLERE İLİŞKİN DURAN VARLIK BORÇLARI (Net),2025/12,0
TAM_FINANS,balance,Satış Amaçlı,2026/06,0
TAM_FINANS,balance,Satış Amaçlı,2025/12,0
TAM_FINANS,balance,Durdurulan Faaliyetlere İlişkin,2026/06,0
TAM_FINANS,balance,Durdurulan Faaliyetlere İlişkin,2025/12,0
TAM_FINANS,balance,ÖZKAYNAKLAR,2026/06,4102764
TAM_FINANS,balance,ÖZKAYNAKLAR,2025/12,3054440
TAM_FINANS,balance,Ödenmiş Sermaye,2026/06,2875000
TAM_FINANS,balance,Ödenmiş Sermaye,2025/12,1675000
TAM_FINANS,balance,Sermaye Yedekleri,2026/06,0
TAM_FINANS,balance,Sermaye Yedekleri,2025/12,0
TAM_FINANS,balance,Hisse Senedi İhraç Primleri,2026/06,0
TAM_FINANS,balance,Hisse Senedi İhraç Primleri,2025/12,0
TAM_FINANS,balance,Hisse Senedi İptal Karları,2026/06,0
TAM_FINANS,balance,Hisse Senedi İptal Karları,2025/12,0
TAM_FINANS,balance,Diğer Sermaye Yedekleri,2026/06,0
TAM_FINANS,balance,Diğer Sermaye Yedekleri,2025/12,0
TAM_FINANS,balance,Kar veya Zararda Yeniden Sınıflandırılmayacak Birikmiş Diğer Kapsamlı Gelirler veya Giderler,2026/06,-3623
TAM_FINANS,balance,Kar veya Zararda Yeniden Sınıflandırılmayacak Birikmiş Diğer Kapsamlı Gelirler veya Giderler,2025/12,-3623
TAM_FINANS,balance,Kar veya Zararda Yeniden Sınıflandırılacak Birikmiş Diğer Kapsamlı Gelirler veya Giderler,2026/06,0
TAM_FINANS,balance,Kar veya Zararda Yeniden Sınıflandırılacak Birikmiş Diğer Kapsamlı Gelirler veya Giderler,2025/12,0
TAM_FINANS,balance,Kar Yedekleri,2026/06,153042
TAM_FINANS,balance,Kar Yedekleri,2025/12,4129
TAM_FINANS,balance,Yasal Yedekler,2026/06,87750
TAM_FINANS,balance,Yasal Yedekler,2025/12,0
TAM_FINANS,balance,Statü Yedekleri,2026/06,0
TAM_FINANS,balance,Statü Yedekleri,2025/12,0
TAM_FINANS,balance,Olağanüstü Yedekler,2026/06,0
TAM_FINANS,balance,Olağanüstü Yedekler,2025/12,0
TAM_FINANS,balance,Diğer Kar Yedekleri,2026/06,65292
TAM_FINANS,balance,Diğer Kar Yedekleri,2025/12,4129
TAM_FINANS,balance,Kar veya Zarar,2026/06,1078345
TAM_FINANS,balance,Kar veya Zarar,2025/12,1378934
TAM_FINANS,balance,Geçmiş Yıllar Kar veya Zararı,2026/06,30021
TAM_FINANS,balance,Geçmiş Yıllar Kar veya Zararı,2025/12,708
TAM_FINANS,balance,Dönem Net Kâr veya Zararı,2026/06,1048324
TAM_FINANS,balance,Dönem Net Kâr veya Zararı,2025/12,1378226
TAM_FINANS,balance,Kontrol Gücü Olmayan Paylar,2026/06,0
TAM_FINANS,balance,Kontrol Gücü Olmayan Paylar,2025/12,0
TAM_FINANS,balance,YÜKÜMLÜLÜKLER TOPLAMI,2026/06,43232025
TAM_FINANS,balance,YÜKÜMLÜLÜKLER TOPLAMI,2025/12,30166833
TAM_FINANS,off_balance,RİSKİ ÜSTLENİLEN FAKTORİNG İŞLEMLERİ,2026/06,174839
TAM_FINANS,off_balance,RİSKİ ÜSTLENİLEN FAKTORİNG İŞLEMLERİ,2025/12,161220
TAM_FINANS,off_balance,RİSKİ ÜSTLENİLMEYEN FAKTORİNG İŞLEMLERİ,2026/06,7990161
TAM_FINANS,off_balance,RİSKİ ÜSTLENİLMEYEN FAKTORİNG İŞLEMLERİ,2025/12,5369286
TAM_FINANS,off_balance,TASARRUF FİNANSMAN SÖZLEŞMELERİ İŞLEMLERİ,2026/06,0
TAM_FINANS,off_balance,TASARRUF FİNANSMAN SÖZLEŞMELERİ İŞLEMLERİ,2025/12,0
TAM_FINANS,off_balance,ALINAN TEMİNATLAR,2026/06,1359610898
TAM_FINANS,off_balance,ALINAN TEMİNATLAR,2025/12,964590612
TAM_FINANS,off_balance,VERİLEN TEMİNATLAR,2026/06,2574227
TAM_FINANS,off_balance,VERİLEN TEMİNATLAR,2025/12,2443009
TAM_FINANS,off_balance,TAAHHÜTLER,2026/06,0
TAM_FINANS,off_balance,TAAHHÜTLER,2025/12,0
TAM_FINANS,off_balance,Cayılamaz Taahhütler,2026/06,0
TAM_FINANS,off_balance,Cayılamaz Taahhütler,2025/12,0
TAM_FINANS,off_balance,Cayılabilir Taahhütler,2026/06,0
TAM_FINANS,off_balance,Cayılabilir Taahhütler,2025/12,0
TAM_FINANS,off_balance,Kiralama Taahhütleri,2026/06,0
TAM_FINANS,off_balance,Kiralama Taahhütleri,2025/12,0
TAM_FINANS,off_balance,Finansal Kiralama Taahhütleri,2026/06,0
TAM_FINANS,off_balance,Finansal Kiralama Taahhütleri,2025/12,0
TAM_FINANS,off_balance,Faaliyet Kiralama Taahhütleri,2026/06,0
TAM_FINANS,off_balance,Faaliyet Kiralama Taahhütleri,2025/12,0
TAM_FINANS,off_balance,Diğer Cayılabilir Taahhütler,2026/06,0
TAM_FINANS,off_balance,Diğer Cayılabilir Taahhütler,2025/12,0
TAM_FINANS,off_balance,TÜREV FİNANSAL ARAÇLAR,2026/06,619900
TAM_FINANS,off_balance,TÜREV FİNANSAL ARAÇLAR,2025/12,0
TAM_FINANS,off_balance,Riskten Korunma Amaçlı Türev Finansal Araçlar,2026/06,0
TAM_FINANS,off_balance,Riskten Korunma Amaçlı Türev Finansal Araçlar,2025/12,0
TAM_FINANS,off_balance,Gerçeğe Uygun Değer Riskinden Korunma Amaçlı İşlemler,2026/06,0
TAM_FINANS,off_balance,Gerçeğe Uygun Değer Riskinden Korunma Amaçlı İşlemler,2025/12,0
TAM_FINANS,off_balance,Nakit Akış Riskinden Korunma Amaçlı İşlemler,2026/06,0
TAM_FINANS,off_balance,Nakit Akış Riskinden Korunma Amaçlı İşlemler,2025/12,0
TAM_FINANS,off_balance,Yurtdışındaki Net Yatırım Riskinden Korunma Amaçlı İşlemler,2026/06,0
TAM_FINANS,off_balance,Yurtdışındaki Net Yatırım Riskinden Korunma Amaçlı İşlemler,2025/12,0
TAM_FINANS,off_balance,Alım Satım Amaçlı İşlemler,2026/06,619900
TAM_FINANS,off_balance,Alım Satım Amaçlı İşlemler,2025/12,0
TAM_FINANS,off_balance,Vadeli Alım Satım İşlemleri,2026/06,619900
TAM_FINANS,off_balance,Vadeli Alım Satım İşlemleri,2025/12,0
TAM_FINANS,off_balance,Swap Alım Satım İşlemleri,2026/06,0
TAM_FINANS,off_balance,Swap Alım Satım İşlemleri,2025/12,0
TAM_FINANS,off_balance,Alım Satım Opsiyon İşlemleri,2026/06,0
TAM_FINANS,off_balance,Alım Satım Opsiyon İşlemleri,2025/12,0
TAM_FINANS,off_balance,Futures Alım Satım İşlemleri,2026/06,0
TAM_FINANS,off_balance,Futures Alım Satım İşlemleri,2025/12,0
TAM_FINANS,off_balance,Diğer,2026/06,0
TAM_FINANS,off_balance,Diğer,2025/12,0
TAM_FINANS,off_balance,EMANET KIYMETLER,2026/06,47305781
TAM_FINANS,off_balance,EMANET KIYMETLER,2025/12,32283429
TAM_FINANS,off_balance,NAZIM HESAPLAR TOPLAMI,2026/06,1418275806
TAM_FINANS,off_balance,NAZIM HESAPLAR TOPLAMI,2025/12,1004847556
TAM_FINANS,pnl,ESAS FAALİYET GELİRLERİ,2026/06,11550107
TAM_FINANS,pnl,ESAS FAALİYET GELİRLERİ,2025/06,6403133
TAM_FINANS,pnl,FAKTORİNG GELİRLERİ,2026/06,11550107
TAM_FINANS,pnl,FAKTORİNG GELİRLERİ,2025/06,6403133
TAM_FINANS,pnl,Faktoring Alacaklarından Alınan Faizler,2026/06,7279338
TAM_FINANS,pnl,Faktoring Alacaklarından Alınan Faizler,2025/06,4036309
TAM_FINANS,pnl,İskontolu,2026/06,6551715
TAM_FINANS,pnl,İskontolu,2025/06,3643029
TAM_FINANS,pnl,Diğer,2026/06,727623
TAM_FINANS,pnl,Diğer,2025/06,393280
TAM_FINANS,pnl,Faktoring Alacaklarından Alınan Ücret ve Komisyonlar,2026/06,4270769
TAM_FINANS,pnl,Faktoring Alacaklarından Alınan Ücret ve Komisyonlar,2025/06,2366824
TAM_FINANS,pnl,İskontolu,2026/06,3580786
TAM_FINANS,pnl,İskontolu,2025/06,2052620
TAM_FINANS,pnl,Diğer,2026/06,689983
TAM_FINANS,pnl,Diğer,2025/06,314204
TAM_FINANS,pnl,FİNANSMAN KREDİLERİNDEN GELİRLER,2026/06,0
TAM_FINANS,pnl,FİNANSMAN KREDİLERİNDEN GELİRLER,2025/06,0
TAM_FINANS,pnl,Finansman Kredilerinden Alınan Faizler,2026/06,0
TAM_FINANS,pnl,Finansman Kredilerinden Alınan Faizler,2025/06,0
TAM_FINANS,pnl,Finansman Kredilerinden Alınan Ücret ve Komisyonlar,2026/06,0
TAM_FINANS,pnl,Finansman Kredilerinden Alınan Ücret ve Komisyonlar,2025/06,0
TAM_FINANS,pnl,KİRALAMA GELİRLERİ,2026/06,0
TAM_FINANS,pnl,KİRALAMA GELİRLERİ,2025/06,0
TAM_FINANS,pnl,Finansal Kiralama Gelirleri,2026/06,0
TAM_FINANS,pnl,Finansal Kiralama Gelirleri,2025/06,0
TAM_FINANS,pnl,Faaliyet Kiralaması Gelirleri,2026/06,0
TAM_FINANS,pnl,Faaliyet Kiralaması Gelirleri,2025/06,0
TAM_FINANS,pnl,Kiralama İşlemlerinden Alınan Ücret ve Komisyonlar,2026/06,0
TAM_FINANS,pnl,Kiralama İşlemlerinden Alınan Ücret ve Komisyonlar,2025/06,0
TAM_FINANS,pnl,TASARRUF FİNANSMAN GELİRLERİ,2026/06,0
TAM_FINANS,pnl,TASARRUF FİNANSMAN GELİRLERİ,2025/06,0
TAM_FINANS,pnl,Tasarruf Finansman Alacaklarından Alınan Kâr Payları,2026/06,0
TAM_FINANS,pnl,Tasarruf Finansman Alacaklarından Alınan Kâr Payları,2025/06,0
TAM_FINANS,pnl,Tasarruf Finansman Faaliyetlerinden Alınan Ücret ve Komisyonlar,2026/06,0
TAM_FINANS,pnl,Tasarruf Finansman Faaliyetlerinden Alınan Ücret ve Komisyonlar,2025/06,0
TAM_FINANS,pnl,FİNANSMAN GİDERLERİ (-),2026/06,-7586157
TAM_FINANS,pnl,FİNANSMAN GİDERLERİ (-),2025/06,-4269161
TAM_FINANS,pnl,Tasarruf Fon Havuzuna Verilen Kâr Payları,2026/06,-0
TAM_FINANS,pnl,Tasarruf Fon Havuzuna Verilen Kâr Payları,2025/06,-0
TAM_FINANS,pnl,Kullanılan Kredilere Verilen Faizler,2026/06,-3966201
TAM_FINANS,pnl,Kullanılan Kredilere Verilen Faizler,2025/06,-2292691
TAM_FINANS,pnl,Faktoring İşlemlerinden Borçlara Verilen Faizler,2026/06,-2291874
TAM_FINANS,pnl,Faktoring İşlemlerinden Borçlara Verilen Faizler,2025/06,-1284244
TAM_FINANS,pnl,Kiralama İşlemlerine İlişkin Faiz Giderleri,2026/06,-82009
TAM_FINANS,pnl,Kiralama İşlemlerine İlişkin Faiz Giderleri,2025/06,-41195
TAM_FINANS,pnl,İhraç Edilen Menkul Kıymetlere Verilen Faizler,2026/06,-971873
TAM_FINANS,pnl,İhraç Edilen Menkul Kıymetlere Verilen Faizler,2025/06,-513257
TAM_FINANS,pnl,Diğer Faiz Giderleri,2026/06,-0
TAM_FINANS,pnl,Diğer Faiz Giderleri,2025/06,-0
TAM_FINANS,pnl,Verilen Ücret ve Komisyonlar,2026/06,-274200
TAM_FINANS,pnl,Verilen Ücret ve Komisyonlar,2025/06,-137774
TAM_FINANS,pnl,BRÜT KAR (ZARAR),2026/06,3963950
TAM_FINANS,pnl,BRÜT KAR (ZARAR),2025/06,2133972
TAM_FINANS,pnl,ESAS FAALİYET GİDERLERİ (-),2026/06,-1626438
TAM_FINANS,pnl,ESAS FAALİYET GİDERLERİ (-),2025/06,-867119
TAM_FINANS,pnl,Personel Giderleri,2026/06,-1019475
TAM_FINANS,pnl,Personel Giderleri,2025/06,-541190
TAM_FINANS,pnl,Kıdem Tazminatı Karşılığı Gideri,2026/06,-4500
TAM_FINANS,pnl,Kıdem Tazminatı Karşılığı Gideri,2025/06,-4500
TAM_FINANS,pnl,Araştırma ve Geliştirme Giderleri,2026/06,-0
TAM_FINANS,pnl,Araştırma ve Geliştirme Giderleri,2025/06,-0
TAM_FINANS,pnl,Genel İşletme Giderleri,2026/06,-285195
TAM_FINANS,pnl,Genel İşletme Giderleri,2025/06,-153336
TAM_FINANS,pnl,Diğer,2026/06,-317268
TAM_FINANS,pnl,Diğer,2025/06,-168093
TAM_FINANS,pnl,BRÜT FAALİYET KARI (ZARARI),2026/06,2337512
TAM_FINANS,pnl,BRÜT FAALİYET KARI (ZARARI),2025/06,1266853
TAM_FINANS,pnl,DİĞER FAALİYET GELİRLERİ,2026/06,286025
TAM_FINANS,pnl,DİĞER FAALİYET GELİRLERİ,2025/06,138826
TAM_FINANS,pnl,Bankalardan Alınan Faizler,2026/06,129421
TAM_FINANS,pnl,Bankalardan Alınan Faizler,2025/06,71906
TAM_FINANS,pnl,Menkul Değerlerden Alınan Faizler,2026/06,0
TAM_FINANS,pnl,Menkul Değerlerden Alınan Faizler,2025/06,0
TAM_FINANS,pnl,Temettü Gelirleri,2026/06,0
TAM_FINANS,pnl,Temettü Gelirleri,2025/06,0
TAM_FINANS,pnl,Sermaye Piyasası İşlemleri Karı,2026/06,790
TAM_FINANS,pnl,Sermaye Piyasası İşlemleri Karı,2025/06,379
TAM_FINANS,pnl,Türev Finansal İşlemler Karı,2026/06,0
TAM_FINANS,pnl,Türev Finansal İşlemler Karı,2025/06,0
TAM_FINANS,pnl,Kambiyo İşlemleri Karı,2026/06,12172
TAM_FINANS,pnl,Kambiyo İşlemleri Karı,2025/06,5211
TAM_FINANS,pnl,Diğer,2026/06,143642
TAM_FINANS,pnl,Diğer,2025/06,61330
TAM_FINANS,pnl,KARŞILIK GİDERLERİ,2026/06,-1144197
TAM_FINANS,pnl,KARŞILIK GİDERLERİ,2025/06,-588320
TAM_FINANS,pnl,Özel Karşılıklar,2026/06,-0
TAM_FINANS,pnl,Özel Karşılıklar,2025/06,-0
TAM_FINANS,pnl,Beklenen Zarar Karşılıkları,2026/06,-1144197
TAM_FINANS,pnl,Beklenen Zarar Karşılıkları,2025/06,-588320
TAM_FINANS,pnl,Genel Karşılıklar,2026/06,-0
TAM_FINANS,pnl,Genel Karşılıklar,2025/06,-0
TAM_FINANS,pnl,Diğer,2026/06,-0
TAM_FINANS,pnl,Diğer,2025/06,-0
TAM_FINANS,pnl,DİĞER FAALİYET GİDERLERİ (-),2026/06,-33274
TAM_FINANS,pnl,DİĞER FAALİYET GİDERLERİ (-),2025/06,-26140
TAM_FINANS,pnl,Menkul Değerler Değer Düşüş Gideri,2026/06,-0
TAM_FINANS,pnl,Menkul Değerler Değer Düşüş Gideri,2025/06,-0
TAM_FINANS,pnl,Duran Varlıklar Değer Düşüş Giderleri,2026/06,-0
TAM_FINANS,pnl,Duran Varlıklar Değer Düşüş Giderleri,2025/06,-0
TAM_FINANS,pnl,Sermaye Piyasası İşlemleri Zararı,2026/06,-0
TAM_FINANS,pnl,Sermaye Piyasası İşlemleri Zararı,2025/06,-0
TAM_FINANS,pnl,Türev Finansal İşlemlerden Zarar,2026/06,-15778
TAM_FINANS,pnl,Türev Finansal İşlemlerden Zarar,2025/06,-15778
TAM_FINANS,pnl,Kambiyo İşlemleri Zararı,2026/06,-17496
TAM_FINANS,pnl,Kambiyo İşlemleri Zararı,2025/06,-10362
TAM_FINANS,pnl,Diğer,2026/06,-0
TAM_FINANS,pnl,Diğer,2025/06,-0
TAM_FINANS,pnl,NET FAALİYET KARI (ZARARI),2026/06,1446066
TAM_FINANS,pnl,NET FAALİYET KARI (ZARARI),2025/06,791219
TAM_FINANS,pnl,BİRLEŞME İŞLEMİ SONRASINDA GELİR OLARAK KAYDEDİLEN FAZLALIK TUTARI,2026/06,0
TAM_FINANS,pnl,BİRLEŞME İŞLEMİ SONRASINDA GELİR OLARAK KAYDEDİLEN FAZLALIK TUTARI,2025/06,0
TAM_FINANS,pnl,ÖZKAYNAK YÖNTEMİ UYGULANAN ORTAKLIKLARDAN KAR (ZARAR),2026/06,0
TAM_FINANS,pnl,ÖZKAYNAK YÖNTEMİ UYGULANAN ORTAKLIKLARDAN KAR (ZARAR),2025/06,0
TAM_FINANS,pnl,NET PARASAL POZİSYON KARI (ZARARI),2026/06,0
TAM_FINANS,pnl,NET PARASAL POZİSYON KARI (ZARARI),2025/06,0
TAM_FINANS,pnl,SÜRDÜRÜLEN FAALİYETLER VERGİ ÖNCESİ KARI (ZARARI),2026/06,1446066
TAM_FINANS,pnl,SÜRDÜRÜLEN FAALİYETLER VERGİ ÖNCESİ KARI (ZARARI),2025/06,791219
TAM_FINANS,pnl,SÜRDÜRÜLEN FAALİYETLER VERGİ KARŞILIĞI (+/-),2026/06,-397742
TAM_FINANS,pnl,SÜRDÜRÜLEN FAALİYETLER VERGİ KARŞILIĞI (+/-),2025/06,-224053
TAM_FINANS,pnl,Cari Vergi Karşılığı,2026/06,-22500
TAM_FINANS,pnl,Cari Vergi Karşılığı,2025/06,-12208
TAM_FINANS,pnl,Ertelenmiş Vergi Gider Etkisi,2026/06,-375242
TAM_FINANS,pnl,Ertelenmiş Vergi Gider Etkisi,2025/06,-211845
TAM_FINANS,pnl,Ertelenmiş Vergi Gelir Etkisi,2026/06,0
TAM_FINANS,pnl,Ertelenmiş Vergi Gelir Etkisi,2025/06,0
TAM_FINANS,pnl,SÜRDÜRÜLEN FAALİYETLER DÖNEM NET KARI (ZARARI),2026/06,1048324
TAM_FINANS,pnl,SÜRDÜRÜLEN FAALİYETLER DÖNEM NET KARI (ZARARI),2025/06,567166
TAM_FINANS,pnl,DURDURULAN FAALİYETLERDEN GELİRLER,2026/06,0
TAM_FINANS,pnl,DURDURULAN FAALİYETLERDEN GELİRLER,2025/06,0
TAM_FINANS,pnl,Satış Amaçlı Elde Tutulan Duran Varlık Gelirleri,2026/06,0
TAM_FINANS,pnl,Satış Amaçlı Elde Tutulan Duran Varlık Gelirleri,2025/06,0
TAM_FINANS,pnl,"İştirak, Bağlı Ortaklık ve Birlikte Kontrol Edilen Ortaklıklar (İş Ort.) Satış Karları",2026/06,0
TAM_FINANS,pnl,"İştirak, Bağlı Ortaklık ve Birlikte Kontrol Edilen Ortaklıklar (İş Ort.) Satış Karları",2025/06,0
TAM_FINANS,pnl,Diğer Durdurulan Faaliyet Gelirleri,2026/06,0
TAM_FINANS,pnl,Diğer Durdurulan Faaliyet Gelirleri,2025/06,0
TAM_FINANS,pnl,DURDURULAN FAALİYETLERDEN GİDERLER (-),2026/06,-0
TAM_FINANS,pnl,DURDURULAN FAALİYETLERDEN GİDERLER (-),2025/06,-0
TAM_FINANS,pnl,Satış Amaçlı Elde Tutulan Duran Varlık Giderleri,2026/06,-0
TAM_FINANS,pnl,Satış Amaçlı Elde Tutulan Duran Varlık Giderleri,2025/06,-0
TAM_FINANS,pnl,"İştirak, Bağlı Ortaklık ve Birlikte Kontrol Edilen Ortaklıklar (İş Ort.) Satış Zararları",2026/06,-0
TAM_FINANS,pnl,"İştirak, Bağlı Ortaklık ve Birlikte Kontrol Edilen Ortaklıklar (İş Ort.) Satış Zararları",2025/06,-0
TAM_FINANS,pnl,Diğer Durdurulan Faaliyet Giderleri,2026/06,-0
TAM_FINANS,pnl,Diğer Durdurulan Faaliyet Giderleri,2025/06,-0
TAM_FINANS,pnl,DURDURULAN FAALİYETLER VERGİ ÖNCESİ KARI (ZARARI),2026/06,0
TAM_FINANS,pnl,DURDURULAN FAALİYETLER VERGİ ÖNCESİ KARI (ZARARI),2025/06,0
TAM_FINANS,pnl,DURDURULAN FAALİYETLER VERGİ KARŞILIĞI (+/-),2026/06,-0
TAM_FINANS,pnl,DURDURULAN FAALİYETLER VERGİ KARŞILIĞI (+/-),2025/06,-0
TAM_FINANS,pnl,Cari Vergi Karşılığı,2026/06,-0
TAM_FINANS,pnl,Cari Vergi Karşılığı,2025/06,-0
TAM_FINANS,pnl,Ertelenmiş Vergi Gider Etkisi,2026/06,-0
TAM_FINANS,pnl,Ertelenmiş Vergi Gider Etkisi,2025/06,-0
TAM_FINANS,pnl,Ertelenmiş Vergi Gelir Etkisi,2026/06,0
TAM_FINANS,pnl,Ertelenmiş Vergi Gelir Etkisi,2025/06,0
TAM_FINANS,pnl,DURDURULAN FAALİYETLER DÖNEM NET KARI (ZARARI),2026/06,0
TAM_FINANS,pnl,DURDURULAN FAALİYETLER DÖNEM NET KARI (ZARARI),2025/06,0
TAM_FINANS,pnl,DÖNEM NET KARI VEYA ZARARI,2026/06,1048324
TAM_FINANS,pnl,DÖNEM NET KARI VEYA ZARARI,2025/06,567166
TAM_FINANS,pnl,Kontrol Gücü Olmayan Paylar,2026/06,0
TAM_FINANS,pnl,Kontrol Gücü Olmayan Paylar,2025/06,0
TAM_FINANS,pnl,Ana Ortaklık Payları,2026/06,1048324
TAM_FINANS,pnl,Ana Ortaklık Payları,2025/06,567166
TAM_FINANS,pnl,Sürdürülen Faaliyetlerden Hisse Başına Kazanç (Zarar),2026/06,
TAM_FINANS,pnl,Sürdürülen Faaliyetlerden Hisse Başına Kazanç (Zarar),2025/06,
TAM_FINANS,pnl,Durdurulan Faaliyetlerden Hisse Başına Kazanç (Zarar),2026/06,
TAM_FINANS,pnl,Durdurulan Faaliyetlerden Hisse Başına Kazanç (Zarar),2025/06,
TAM_FINANS,pnl,Sürdürülen Faaliyetlerden Hisse Başına Kazanç (Zarar),2026/06,
TAM_FINANS,pnl,Sürdürülen Faaliyetlerden Hisse Başına Kazanç (Zarar),2025/06,
TAM_FINANS,pnl,Durdurulan Faaliyetlerden Hisse Başına Kazanç (Zarar),2026/06,
TAM_FINANS,pnl,Durdurulan Faaliyetlerden Hisse Başına Kazanç (Zarar),2025/06,
TEB,balance,"NAKİT, NAKİT BENZERLERİ ve MERKEZ BANKASI",2026/06,551767
TEB,balance,"NAKİT, NAKİT BENZERLERİ ve MERKEZ BANKASI",2025/12,252512
TEB,balance,GERÇEĞE UYGUN DEĞER FARKI KAR/ZARARA YANSITILAN FİNANSAL VARLIKLAR (Net),2026/06,68762
TEB,balance,GERÇEĞE UYGUN DEĞER FARKI KAR/ZARARA YANSITILAN FİNANSAL VARLIKLAR (Net),2025/12,68762
TEB,balance,TÜREV FİNANSAL VARLIKLAR,2026/06,0
TEB,balance,TÜREV FİNANSAL VARLIKLAR,2025/12,
TEB,balance,GERÇEĞE UYGUN DEĞER FARKI DİĞER KAPSAMLI GELİRE YANSITILAN FİNANSAL VARLIKLAR (Net),2026/06,0
TEB,balance,GERÇEĞE UYGUN DEĞER FARKI DİĞER KAPSAMLI GELİRE YANSITILAN FİNANSAL VARLIKLAR (Net),2025/12,
TEB,balance,İTFA EDİLMİŞ MALİYETİ İLE ÖLÇÜLEN FİNANSAL VARLIKLAR (Net),2026/06,24433028
TEB,balance,İTFA EDİLMİŞ MALİYETİ İLE ÖLÇÜLEN FİNANSAL VARLIKLAR (Net),2025/12,19837682
TEB,balance,Faktoring Alacakları,2026/06,24448520
TEB,balance,Faktoring Alacakları,2025/12,19831527
TEB,balance,İskontolu Faktoring Alacakları (Net),2026/06,13948215
TEB,balance,İskontolu Faktoring Alacakları (Net),2025/12,12371947
TEB,balance,Diğer Faktoring Alacakları,2026/06,10500305
TEB,balance,Diğer Faktoring Alacakları,2025/12,7459580
TEB,balance,Tasarruf Finansman Alacakları,2026/06,
TEB,balance,Tasarruf Finansman Alacakları,2025/12,
TEB,balance,Tasarruf Fon Havuzundan,2026/06,
TEB,balance,Tasarruf Fon Havuzundan,2025/12,
TEB,balance,Özkaynaklardan,2026/06,
TEB,balance,Özkaynaklardan,2025/12,
TEB,balance,Finansman Kredileri,2026/06,
TEB,balance,Finansman Kredileri,2025/12,
TEB,balance,Tüketici Kredileri,2026/06,
TEB,balance,Tüketici Kredileri,2025/12,
TEB,balance,Kredi Kartları,2026/06,
TEB,balance,Kredi Kartları,2025/12,
TEB,balance,Taksitli Ticari Krediler,2026/06,
TEB,balance,Taksitli Ticari Krediler,2025/12,
TEB,balance,Kiralama İşlemleri (Net),2026/06,
TEB,balance,Kiralama İşlemleri (Net),2025/12,
TEB,balance,Finansal Kiralama Alacakları,2026/06,
TEB,balance,Finansal Kiralama Alacakları,2025/12,
TEB,balance,Faaliyet Kiralaması Alacakları,2026/06,
TEB,balance,Faaliyet Kiralaması Alacakları,2025/12,
TEB,balance,Kazanılmamış Gelirler (-),2026/06,
TEB,balance,Kazanılmamış Gelirler (-),2025/12,
TEB,balance,İtfa Edilmiş Maliyeti ile Ölçülen Diğer Finansal Varlıklar,2026/06,
TEB,balance,İtfa Edilmiş Maliyeti ile Ölçülen Diğer Finansal Varlıklar,2025/12,
TEB,balance,Takipteki Alacaklar,2026/06,720056
TEB,balance,Takipteki Alacaklar,2025/12,660990
TEB,balance,Beklenen Zarar Karşılıkları / Özel Karşılıklar (-),2026/06,-735548
TEB,balance,Beklenen Zarar Karşılıkları / Özel Karşılıklar (-),2025/12,-654835
TEB,balance,ORTAKLIK YATIRIMLARI,2026/06,0
TEB,balance,ORTAKLIK YATIRIMLARI,2025/12,
TEB,balance,İştirakler (Net),2026/06,
TEB,balance,İştirakler (Net),2025/12,
TEB,balance,Bağlı Ortaklıklar (Net),2026/06,
TEB,balance,Bağlı Ortaklıklar (Net),2025/12,
TEB,balance,Birlikte Kontrol Edilen Ortaklıklar (İş Ortaklıkları) (Net),2026/06,
TEB,balance,Birlikte Kontrol Edilen Ortaklıklar (İş Ortaklıkları) (Net),2025/12,
TEB,balance,MADDİ DURAN VARLIKLAR (Net),2026/06,22749
TEB,balance,MADDİ DURAN VARLIKLAR (Net),2025/12,31048
TEB,balance,MADDİ OLMAYAN DURAN VARLIKLAR (Net),2026/06,53758
TEB,balance,MADDİ OLMAYAN DURAN VARLIKLAR (Net),2025/12,42894
TEB,balance,YATIRIM AMAÇLI GAYRİMENKULLER (Net),2026/06,0
TEB,balance,YATIRIM AMAÇLI GAYRİMENKULLER (Net),2025/12,
TEB,balance,CARİ DÖNEM VERGİ VARLIĞI,2026/06,0
TEB,balance,CARİ DÖNEM VERGİ VARLIĞI,2025/12,
TEB,balance,ERTELENMİŞ VERGİ VARLIĞI,2026/06,34906
TEB,balance,ERTELENMİŞ VERGİ VARLIĞI,2025/12,35076
TEB,balance,DİĞER AKTİFLER,2026/06,422788
TEB,balance,DİĞER AKTİFLER,2025/12,365845
TEB,balance,ARA TOPLAM,2026/06,25587758
TEB,balance,ARA TOPLAM,2025/12,20633819
TEB,balance,SATIŞ AMAÇLI ELDE TUTULAN VE DURDURULAN FAALİYETLERE İLİŞKİN VARLIKLAR (Net),2026/06,0
TEB,balance,SATIŞ AMAÇLI ELDE TUTULAN VE DURDURULAN FAALİYETLERE İLİŞKİN VARLIKLAR (Net),2025/12,
TEB,balance,Satış Amaçlı,2026/06,
TEB,balance,Satış Amaçlı,2025/12,
TEB,balance,Durdurulan Faaliyetlere İlişkin,2026/06,
TEB,balance,Durdurulan Faaliyetlere İlişkin,2025/12,
TEB,balance,VARLIKLAR TOPLAMI,2026/06,25587758
TEB,balance,VARLIKLAR TOPLAMI,2025/12,20633819
TEB,balance,ALINAN KREDİLER,2026/06,19346612
TEB,balance,ALINAN KREDİLER,2025/12,18349165
TEB,balance,FAKTORİNG BORÇLARI,2026/06,8143
TEB,balance,FAKTORİNG BORÇLARI,2025/12,24117
TEB,balance,TASARRUF FON HAVUZUNDAN BORÇLAR,2026/06,0
TEB,balance,TASARRUF FON HAVUZUNDAN BORÇLAR,2025/12,0
TEB,balance,KİRALAMA İŞLEMLERİNDEN BORÇLAR,2026/06,10243
TEB,balance,KİRALAMA İŞLEMLERİNDEN BORÇLAR,2025/12,18570
TEB,balance,İHRAÇ EDİLEN MENKUL KIYMETLER (Net),2026/06,3605266
TEB,balance,İHRAÇ EDİLEN MENKUL KIYMETLER (Net),2025/12,0
TEB,balance,GERÇEĞE UYGUN DEĞER FARKI KAR ZARARA YANSITILAN FİNANSAL YÜKÜMLÜLÜKLER,2026/06,0
TEB,balance,GERÇEĞE UYGUN DEĞER FARKI KAR ZARARA YANSITILAN FİNANSAL YÜKÜMLÜLÜKLER,2025/12,
TEB,balance,TÜREV FİNANSAL YÜKÜMLÜLÜKLER,2026/06,0
TEB,balance,TÜREV FİNANSAL YÜKÜMLÜLÜKLER,2025/12,
TEB,balance,KARŞILIKLAR,2026/06,99643
TEB,balance,KARŞILIKLAR,2025/12,104439
TEB,balance,Yeniden Yapılanma Karşılığı,2026/06,0
TEB,balance,Yeniden Yapılanma Karşılığı,2025/12,
TEB,balance,Çalışan Hakları Yükümlülüğü Karşılığı,2026/06,61725
TEB,balance,Çalışan Hakları Yükümlülüğü Karşılığı,2025/12,91725
TEB,balance,Genel Karşılıklar,2026/06,0
TEB,balance,Genel Karşılıklar,2025/12,
TEB,balance,Diğer Karşılıklar,2026/06,37918
TEB,balance,Diğer Karşılıklar,2025/12,12714
TEB,balance,CARİ VERGİ BORCU,2026/06,115109
TEB,balance,CARİ VERGİ BORCU,2025/12,84277
TEB,balance,ERTELENMİŞ VERGİ BORCU,2026/06,0
TEB,balance,ERTELENMİŞ VERGİ BORCU,2025/12,
TEB,balance,SERMAYE BENZERİ BORÇLANMA ARAÇLARI,2026/06,0
TEB,balance,SERMAYE BENZERİ BORÇLANMA ARAÇLARI,2025/12,
TEB,balance,DİĞER YÜKÜMLÜLÜKLER,2026/06,67697
TEB,balance,DİĞER YÜKÜMLÜLÜKLER,2025/12,37357
TEB,balance,ARA TOPLAM,2026/06,23252713
TEB,balance,ARA TOPLAM,2025/12,18617925
TEB,balance,SATIŞ AMAÇLI ELDE TUTULAN VE DURDURULAN FAALİYETLERE İLİŞKİN DURAN VARLIK BORÇLARI (Net),2026/06,0
TEB,balance,SATIŞ AMAÇLI ELDE TUTULAN VE DURDURULAN FAALİYETLERE İLİŞKİN DURAN VARLIK BORÇLARI (Net),2025/12,
TEB,balance,Satış Amaçlı,2026/06,
TEB,balance,Satış Amaçlı,2025/12,
TEB,balance,Durdurulan Faaliyetlere İlişkin,2026/06,
TEB,balance,Durdurulan Faaliyetlere İlişkin,2025/12,
TEB,balance,ÖZKAYNAKLAR,2026/06,2335045
TEB,balance,ÖZKAYNAKLAR,2025/12,2015894
TEB,balance,Ödenmiş Sermaye,2026/06,50000
TEB,balance,Ödenmiş Sermaye,2025/12,50000
TEB,balance,Sermaye Yedekleri,2026/06,16101
TEB,balance,Sermaye Yedekleri,2025/12,16101
TEB,balance,Hisse Senedi İhraç Primleri,2026/06,
TEB,balance,Hisse Senedi İhraç Primleri,2025/12,
TEB,balance,Hisse Senedi İptal Karları,2026/06,
TEB,balance,Hisse Senedi İptal Karları,2025/12,
TEB,balance,Diğer Sermaye Yedekleri,2026/06,16101
TEB,balance,Diğer Sermaye Yedekleri,2025/12,16101
TEB,balance,Kar veya Zararda Yeniden Sınıflandırılmayacak Birikmiş Diğer Kapsamlı Gelirler veya Giderler,2026/06,-12453
TEB,balance,Kar veya Zararda Yeniden Sınıflandırılmayacak Birikmiş Diğer Kapsamlı Gelirler veya Giderler,2025/12,-12453
TEB,balance,Kar veya Zararda Yeniden Sınıflandırılacak Birikmiş Diğer Kapsamlı Gelirler veya Giderler,2026/06,
TEB,balance,Kar veya Zararda Yeniden Sınıflandırılacak Birikmiş Diğer Kapsamlı Gelirler veya Giderler,2025/12,
TEB,balance,Kar Yedekleri,2026/06,1962246
TEB,balance,Kar Yedekleri,2025/12,1269833
TEB,balance,Yasal Yedekler,2026/06,17914
TEB,balance,Yasal Yedekler,2025/12,17914
TEB,balance,Statü Yedekleri,2026/06,0
TEB,balance,Statü Yedekleri,2025/12,0
TEB,balance,Olağanüstü Yedekler,2026/06,1936234
TEB,balance,Olağanüstü Yedekler,2025/12,1251919
TEB,balance,Diğer Kar Yedekleri,2026/06,8098
TEB,balance,Diğer Kar Yedekleri,2025/12,
TEB,balance,Kar veya Zarar,2026/06,319151
TEB,balance,Kar veya Zarar,2025/12,692413
TEB,balance,Geçmiş Yıllar Kar veya Zararı,2026/06,
TEB,balance,Geçmiş Yıllar Kar veya Zararı,2025/12,
TEB,balance,Dönem Net Kâr veya Zararı,2026/06,319151
TEB,balance,Dönem Net Kâr veya Zararı,2025/12,692413
TEB,balance,Kontrol Gücü Olmayan Paylar,2026/06,
TEB,balance,Kontrol Gücü Olmayan Paylar,2025/12,
TEB,balance,YÜKÜMLÜLÜKLER TOPLAMI,2026/06,25587758
TEB,balance,YÜKÜMLÜLÜKLER TOPLAMI,2025/12,20633819
TEB,off_balance,RİSKİ ÜSTLENİLEN FAKTORİNG İŞLEMLERİ,2026/06,1966247
TEB,off_balance,RİSKİ ÜSTLENİLEN FAKTORİNG İŞLEMLERİ,2025/12,1606996
TEB,off_balance,RİSKİ ÜSTLENİLMEYEN FAKTORİNG İŞLEMLERİ,2026/06,2218349
TEB,off_balance,RİSKİ ÜSTLENİLMEYEN FAKTORİNG İŞLEMLERİ,2025/12,1977275
TEB,off_balance,TASARRUF FİNANSMAN SÖZLEŞMELERİ İŞLEMLERİ,2026/06,0
TEB,off_balance,TASARRUF FİNANSMAN SÖZLEŞMELERİ İŞLEMLERİ,2025/12,0
TEB,off_balance,ALINAN TEMİNATLAR,2026/06,368272209
TEB,off_balance,ALINAN TEMİNATLAR,2025/12,311598933
TEB,off_balance,VERİLEN TEMİNATLAR,2026/06,7132649
TEB,off_balance,VERİLEN TEMİNATLAR,2025/12,6374406
TEB,off_balance,TAAHHÜTLER,2026/06,0
TEB,off_balance,TAAHHÜTLER,2025/12,0
TEB,off_balance,Cayılamaz Taahhütler,2026/06,
TEB,off_balance,Cayılamaz Taahhütler,2025/12,
TEB,off_balance,Cayılabilir Taahhütler,2026/06,
TEB,off_balance,Cayılabilir Taahhütler,2025/12,
TEB,off_balance,Kiralama Taahhütleri,2026/06,
TEB,off_balance,Kiralama Taahhütleri,2025/12,
TEB,off_balance,Finansal Kiralama Taahhütleri,2026/06,
TEB,off_balance,Finansal Kiralama Taahhütleri,2025/12,
TEB,off_balance,Faaliyet Kiralama Taahhütleri,2026/06,
TEB,off_balance,Faaliyet Kiralama Taahhütleri,2025/12,
TEB,off_balance,Diğer Cayılabilir Taahhütler,2026/06,
TEB,off_balance,Diğer Cayılabilir Taahhütler,2025/12,
TEB,off_balance,TÜREV FİNANSAL ARAÇLAR,2026/06,0
TEB,off_balance,TÜREV FİNANSAL ARAÇLAR,2025/12,0
TEB,off_balance,Riskten Korunma Amaçlı Türev Finansal Araçlar,2026/06,
TEB,off_balance,Riskten Korunma Amaçlı Türev Finansal Araçlar,2025/12,
TEB,off_balance,Gerçeğe Uygun Değer Riskinden Korunma Amaçlı İşlemler,2026/06,
TEB,off_balance,Gerçeğe Uygun Değer Riskinden Korunma Amaçlı İşlemler,2025/12,
TEB,off_balance,Nakit Akış Riskinden Korunma Amaçlı İşlemler,2026/06,
TEB,off_balance,Nakit Akış Riskinden Korunma Amaçlı İşlemler,2025/12,
TEB,off_balance,Yurtdışındaki Net Yatırım Riskinden Korunma Amaçlı İşlemler,2026/06,
TEB,off_balance,Yurtdışındaki Net Yatırım Riskinden Korunma Amaçlı İşlemler,2025/12,
TEB,off_balance,Alım Satım Amaçlı İşlemler,2026/06,
TEB,off_balance,Alım Satım Amaçlı İşlemler,2025/12,
TEB,off_balance,Vadeli Alım Satım İşlemleri,2026/06,
TEB,off_balance,Vadeli Alım Satım İşlemleri,2025/12,
TEB,off_balance,Swap Alım Satım İşlemleri,2026/06,
TEB,off_balance,Swap Alım Satım İşlemleri,2025/12,
TEB,off_balance,Alım Satım Opsiyon İşlemleri,2026/06,
TEB,off_balance,Alım Satım Opsiyon İşlemleri,2025/12,
TEB,off_balance,Futures Alım Satım İşlemleri,2026/06,
TEB,off_balance,Futures Alım Satım İşlemleri,2025/12,
TEB,off_balance,Diğer,2026/06,
TEB,off_balance,Diğer,2025/12,
TEB,off_balance,EMANET KIYMETLER,2026/06,12572138
TEB,off_balance,EMANET KIYMETLER,2025/12,11319591
TEB,off_balance,NAZIM HESAPLAR TOPLAMI,2026/06,392161592
TEB,off_balance,NAZIM HESAPLAR TOPLAMI,2025/12,332877201
TEB,pnl,ESAS FAALİYET GELİRLERİ,2026/06,3119841
TEB,pnl,ESAS FAALİYET GELİRLERİ,2025/06,1644263
TEB,pnl,FAKTORİNG GELİRLERİ,2026/06,3119841
TEB,pnl,FAKTORİNG GELİRLERİ,2025/06,1644263
TEB,pnl,Faktoring Alacaklarından Alınan Faizler,2026/06,2992399
TEB,pnl,Faktoring Alacaklarından Alınan Faizler,2025/06,1581547
TEB,pnl,İskontolu,2026/06,2572248
TEB,pnl,İskontolu,2025/06,1316274
TEB,pnl,Diğer,2026/06,420151
TEB,pnl,Diğer,2025/06,265273
TEB,pnl,Faktoring Alacaklarından Alınan Ücret ve Komisyonlar,2026/06,127442
TEB,pnl,Faktoring Alacaklarından Alınan Ücret ve Komisyonlar,2025/06,62716
TEB,pnl,İskontolu,2026/06,81720
TEB,pnl,İskontolu,2025/06,37314
TEB,pnl,Diğer,2026/06,45722
TEB,pnl,Diğer,2025/06,25402
TEB,pnl,FİNANSMAN KREDİLERİNDEN GELİRLER,2026/06,0
TEB,pnl,FİNANSMAN KREDİLERİNDEN GELİRLER,2025/06,0
TEB,pnl,Finansman Kredilerinden Alınan Faizler,2026/06,0
TEB,pnl,Finansman Kredilerinden Alınan Faizler,2025/06,0
TEB,pnl,Finansman Kredilerinden Alınan Ücret ve Komisyonlar,2026/06,0
TEB,pnl,Finansman Kredilerinden Alınan Ücret ve Komisyonlar,2025/06,0
TEB,pnl,KİRALAMA GELİRLERİ,2026/06,0
TEB,pnl,KİRALAMA GELİRLERİ,2025/06,0
TEB,pnl,Finansal Kiralama Gelirleri,2026/06,0
TEB,pnl,Finansal Kiralama Gelirleri,2025/06,0
TEB,pnl,Faaliyet Kiralaması Gelirleri,2026/06,0
TEB,pnl,Faaliyet Kiralaması Gelirleri,2025/06,0
TEB,pnl,Kiralama İşlemlerinden Alınan Ücret ve Komisyonlar,2026/06,0
TEB,pnl,Kiralama İşlemlerinden Alınan Ücret ve Komisyonlar,2025/06,0
TEB,pnl,TASARRUF FİNANSMAN GELİRLERİ,2026/06,0
TEB,pnl,TASARRUF FİNANSMAN GELİRLERİ,2025/06,0
TEB,pnl,Tasarruf Finansman Alacaklarından Alınan Kâr Payları,2026/06,0
TEB,pnl,Tasarruf Finansman Alacaklarından Alınan Kâr Payları,2025/06,0
TEB,pnl,Tasarruf Finansman Faaliyetlerinden Alınan Ücret ve Komisyonlar,2026/06,0
TEB,pnl,Tasarruf Finansman Faaliyetlerinden Alınan Ücret ve Komisyonlar,2025/06,0
TEB,pnl,FİNANSMAN GİDERLERİ (-),2026/06,-2244832
TEB,pnl,FİNANSMAN GİDERLERİ (-),2025/06,-1197624
TEB,pnl,Tasarruf Fon Havuzuna Verilen Kâr Payları,2026/06,-0
TEB,pnl,Tasarruf Fon Havuzuna Verilen Kâr Payları,2025/06,-0
TEB,pnl,Kullanılan Kredilere Verilen Faizler,2026/06,-1865770
TEB,pnl,Kullanılan Kredilere Verilen Faizler,2025/06,-904300
TEB,pnl,Faktoring İşlemlerinden Borçlara Verilen Faizler,2026/06,-0
TEB,pnl,Faktoring İşlemlerinden Borçlara Verilen Faizler,2025/06,-0
TEB,pnl,Kiralama İşlemlerine İlişkin Faiz Giderleri,2026/06,-3786
TEB,pnl,Kiralama İşlemlerine İlişkin Faiz Giderleri,2025/06,-1702
TEB,pnl,İhraç Edilen Menkul Kıymetlere Verilen Faizler,2026/06,-295266
TEB,pnl,İhraç Edilen Menkul Kıymetlere Verilen Faizler,2025/06,-249787
TEB,pnl,Diğer Faiz Giderleri,2026/06,-0
TEB,pnl,Diğer Faiz Giderleri,2025/06,-0
TEB,pnl,Verilen Ücret ve Komisyonlar,2026/06,-80010
TEB,pnl,Verilen Ücret ve Komisyonlar,2025/06,-41835
TEB,pnl,BRÜT KAR (ZARAR),2026/06,875009
TEB,pnl,BRÜT KAR (ZARAR),2025/06,446639
TEB,pnl,ESAS FAALİYET GİDERLERİ (-),2026/06,-364256
TEB,pnl,ESAS FAALİYET GİDERLERİ (-),2025/06,-185980
TEB,pnl,Personel Giderleri,2026/06,-247092
TEB,pnl,Personel Giderleri,2025/06,-130865
TEB,pnl,Kıdem Tazminatı Karşılığı Gideri,2026/06,-3402
TEB,pnl,Kıdem Tazminatı Karşılığı Gideri,2025/06,-1701
TEB,pnl,Araştırma ve Geliştirme Giderleri,2026/06,-0
TEB,pnl,Araştırma ve Geliştirme Giderleri,2025/06,-0
TEB,pnl,Genel İşletme Giderleri,2026/06,-113762
TEB,pnl,Genel İşletme Giderleri,2025/06,-53414
TEB,pnl,Diğer,2026/06,-0
TEB,pnl,Diğer,2025/06,-0
TEB,pnl,BRÜT FAALİYET KARI (ZARARI),2026/06,510753
TEB,pnl,BRÜT FAALİYET KARI (ZARARI),2025/06,260659
TEB,pnl,DİĞER FAALİYET GELİRLERİ,2026/06,235853
TEB,pnl,DİĞER FAALİYET GELİRLERİ,2025/06,101870
TEB,pnl,Bankalardan Alınan Faizler,2026/06,64169
TEB,pnl,Bankalardan Alınan Faizler,2025/06,34331
TEB,pnl,Menkul Değerlerden Alınan Faizler,2026/06,
TEB,pnl,Menkul Değerlerden Alınan Faizler,2025/06,
TEB,pnl,Temettü Gelirleri,2026/06,
TEB,pnl,Temettü Gelirleri,2025/06,
TEB,pnl,Sermaye Piyasası İşlemleri Karı,2026/06,
TEB,pnl,Sermaye Piyasası İşlemleri Karı,2025/06,
TEB,pnl,Türev Finansal İşlemler Karı,2026/06,
TEB,pnl,Türev Finansal İşlemler Karı,2025/06,
TEB,pnl,Kambiyo İşlemleri Karı,2026/06,8746
TEB,pnl,Kambiyo İşlemleri Karı,2025/06,5465
TEB,pnl,Diğer,2026/06,162938
TEB,pnl,Diğer,2025/06,62074
TEB,pnl,KARŞILIK GİDERLERİ,2026/06,-286801
TEB,pnl,KARŞILIK GİDERLERİ,2025/06,-122529
TEB,pnl,Özel Karşılıklar,2026/06,-0
TEB,pnl,Özel Karşılıklar,2025/06,-0
TEB,pnl,Beklenen Zarar Karşılıkları,2026/06,-286351
TEB,pnl,Beklenen Zarar Karşılıkları,2025/06,-122289
TEB,pnl,Genel Karşılıklar,2026/06,-0
TEB,pnl,Genel Karşılıklar,2025/06,-0
TEB,pnl,Diğer,2026/06,-450
TEB,pnl,Diğer,2025/06,-240
TEB,pnl,DİĞER FAALİYET GİDERLERİ (-),2026/06,-4375
TEB,pnl,DİĞER FAALİYET GİDERLERİ (-),2025/06,-1888
TEB,pnl,Menkul Değerler Değer Düşüş Gideri,2026/06,-0
TEB,pnl,Menkul Değerler Değer Düşüş Gideri,2025/06,
TEB,pnl,Duran Varlıklar Değer Düşüş Giderleri,2026/06,
TEB,pnl,Duran Varlıklar Değer Düşüş Giderleri,2025/06,
TEB,pnl,Sermaye Piyasası İşlemleri Zararı,2026/06,
TEB,pnl,Sermaye Piyasası İşlemleri Zararı,2025/06,
TEB,pnl,Türev Finansal İşlemlerden Zarar,2026/06,
TEB,pnl,Türev Finansal İşlemlerden Zarar,2025/06,
TEB,pnl,Kambiyo İşlemleri Zararı,2026/06,-4375
TEB,pnl,Kambiyo İşlemleri Zararı,2025/06,-1888
TEB,pnl,Diğer,2026/06,
TEB,pnl,Diğer,2025/06,
TEB,pnl,NET FAALİYET KARI (ZARARI),2026/06,455430
TEB,pnl,NET FAALİYET KARI (ZARARI),2025/06,238112
TEB,pnl,BİRLEŞME İŞLEMİ SONRASINDA GELİR OLARAK KAYDEDİLEN FAZLALIK TUTARI,2026/06,0
TEB,pnl,BİRLEŞME İŞLEMİ SONRASINDA GELİR OLARAK KAYDEDİLEN FAZLALIK TUTARI,2025/06,0
TEB,pnl,ÖZKAYNAK YÖNTEMİ UYGULANAN ORTAKLIKLARDAN KAR (ZARAR),2026/06,0
TEB,pnl,ÖZKAYNAK YÖNTEMİ UYGULANAN ORTAKLIKLARDAN KAR (ZARAR),2025/06,0
TEB,pnl,NET PARASAL POZİSYON KARI (ZARARI),2026/06,0
TEB,pnl,NET PARASAL POZİSYON KARI (ZARARI),2025/06,0
TEB,pnl,SÜRDÜRÜLEN FAALİYETLER VERGİ ÖNCESİ KARI (ZARARI),2026/06,455430
TEB,pnl,SÜRDÜRÜLEN FAALİYETLER VERGİ ÖNCESİ KARI (ZARARI),2025/06,238112
TEB,pnl,SÜRDÜRÜLEN FAALİYETLER VERGİ KARŞILIĞI (+/-),2026/06,-136279
TEB,pnl,SÜRDÜRÜLEN FAALİYETLER VERGİ KARŞILIĞI (+/-),2025/06,-70702
TEB,pnl,Cari Vergi Karşılığı,2026/06,-136109
TEB,pnl,Cari Vergi Karşılığı,2025/06,-58958
TEB,pnl,Ertelenmiş Vergi Gider Etkisi,2026/06,-170
TEB,pnl,Ertelenmiş Vergi Gider Etkisi,2025/06,-11744
TEB,pnl,Ertelenmiş Vergi Gelir Etkisi,2026/06,
TEB,pnl,Ertelenmiş Vergi Gelir Etkisi,2025/06,
TEB,pnl,SÜRDÜRÜLEN FAALİYETLER DÖNEM NET KARI (ZARARI),2026/06,319151
TEB,pnl,SÜRDÜRÜLEN FAALİYETLER DÖNEM NET KARI (ZARARI),2025/06,167410
TEB,pnl,DURDURULAN FAALİYETLERDEN GELİRLER,2026/06,0
TEB,pnl,DURDURULAN FAALİYETLERDEN GELİRLER,2025/06,
TEB,pnl,Satış Amaçlı Elde Tutulan Duran Varlık Gelirleri,2026/06,
TEB,pnl,Satış Amaçlı Elde Tutulan Duran Varlık Gelirleri,2025/06,
TEB,pnl,"İştirak, Bağlı Ortaklık ve Birlikte Kontrol Edilen Ortaklıklar (İş Ort.) Satış Karları",2026/06,
TEB,pnl,"İştirak, Bağlı Ortaklık ve Birlikte Kontrol Edilen Ortaklıklar (İş Ort.) Satış Karları",2025/06,
TEB,pnl,Diğer Durdurulan Faaliyet Gelirleri,2026/06,
TEB,pnl,Diğer Durdurulan Faaliyet Gelirleri,2025/06,
TEB,pnl,DURDURULAN FAALİYETLERDEN GİDERLER (-),2026/06,-0
TEB,pnl,DURDURULAN FAALİYETLERDEN GİDERLER (-),2025/06,
TEB,pnl,Satış Amaçlı Elde Tutulan Duran Varlık Giderleri,2026/06,
TEB,pnl,Satış Amaçlı Elde Tutulan Duran Varlık Giderleri,2025/06,
TEB,pnl,"İştirak, Bağlı Ortaklık ve Birlikte Kontrol Edilen Ortaklıklar (İş Ort.) Satış Zararları",2026/06,
TEB,pnl,"İştirak, Bağlı Ortaklık ve Birlikte Kontrol Edilen Ortaklıklar (İş Ort.) Satış Zararları",2025/06,
TEB,pnl,Diğer Durdurulan Faaliyet Giderleri,2026/06,
TEB,pnl,Diğer Durdurulan Faaliyet Giderleri,2025/06,
TEB,pnl,DURDURULAN FAALİYETLER VERGİ ÖNCESİ KARI (ZARARI),2026/06,0
TEB,pnl,DURDURULAN FAALİYETLER VERGİ ÖNCESİ KARI (ZARARI),2025/06,
TEB,pnl,DURDURULAN FAALİYETLER VERGİ KARŞILIĞI (+/-),2026/06,-0
TEB,pnl,DURDURULAN FAALİYETLER VERGİ KARŞILIĞI (+/-),2025/06,
TEB,pnl,Cari Vergi Karşılığı,2026/06,
TEB,pnl,Cari Vergi Karşılığı,2025/06,
TEB,pnl,Ertelenmiş Vergi Gider Etkisi,2026/06,
TEB,pnl,Ertelenmiş Vergi Gider Etkisi,2025/06,
TEB,pnl,Ertelenmiş Vergi Gelir Etkisi,2026/06,
TEB,pnl,Ertelenmiş Vergi Gelir Etkisi,2025/06,
TEB,pnl,DURDURULAN FAALİYETLER DÖNEM NET KARI (ZARARI),2026/06,0
TEB,pnl,DURDURULAN FAALİYETLER DÖNEM NET KARI (ZARARI),2025/06,
TEB,pnl,DÖNEM NET KARI VEYA ZARARI,2026/06,319151
TEB,pnl,DÖNEM NET KARI VEYA ZARARI,2025/06,167410
TEB,pnl,Kontrol Gücü Olmayan Paylar,2026/06,0
TEB,pnl,Kontrol Gücü Olmayan Paylar,2025/06,0
TEB,pnl,Ana Ortaklık Payları,2026/06,319151
TEB,pnl,Ana Ortaklık Payları,2025/06,167410
TEB,pnl,Sürdürülen Faaliyetlerden Hisse Başına Kazanç (Zarar),2026/06,
TEB,pnl,Sürdürülen Faaliyetlerden Hisse Başına Kazanç (Zarar),2025/06,
TEB,pnl,Durdurulan Faaliyetlerden Hisse Başına Kazanç (Zarar),2026/06,
TEB,pnl,Durdurulan Faaliyetlerden Hisse Başına Kazanç (Zarar),2025/06,
TEB,pnl,Sürdürülen Faaliyetlerden Hisse Başına Kazanç (Zarar),2026/06,
TEB,pnl,Sürdürülen Faaliyetlerden Hisse Başına Kazanç (Zarar),2025/06,
TEB,pnl,Durdurulan Faaliyetlerden Hisse Başına Kazanç (Zarar),2026/06,
TEB,pnl,Durdurulan Faaliyetlerden Hisse Başına Kazanç (Zarar),2025/06,
YAPI_KREDI,balance,"NAKİT, NAKİT BENZERLERİ ve MERKEZ BANKASI",2026/06,2024113
YAPI_KREDI,balance,"NAKİT, NAKİT BENZERLERİ ve MERKEZ BANKASI",2025/12,1558198
YAPI_KREDI,balance,GERÇEĞE UYGUN DEĞER FARKI KAR/ZARARA YANSITILAN FİNANSAL VARLIKLAR (Net),2026/06,0
YAPI_KREDI,balance,GERÇEĞE UYGUN DEĞER FARKI KAR/ZARARA YANSITILAN FİNANSAL VARLIKLAR (Net),2025/12,0
YAPI_KREDI,balance,TÜREV FİNANSAL VARLIKLAR,2026/06,18408
YAPI_KREDI,balance,TÜREV FİNANSAL VARLIKLAR,2025/12,49389
YAPI_KREDI,balance,GERÇEĞE UYGUN DEĞER FARKI DİĞER KAPSAMLI GELİRE YANSITILAN FİNANSAL VARLIKLAR (Net),2026/06,27
YAPI_KREDI,balance,GERÇEĞE UYGUN DEĞER FARKI DİĞER KAPSAMLI GELİRE YANSITILAN FİNANSAL VARLIKLAR (Net),2025/12,27
YAPI_KREDI,balance,İTFA EDİLMİŞ MALİYETİ İLE ÖLÇÜLEN FİNANSAL VARLIKLAR (Net),2026/06,60583451
YAPI_KREDI,balance,İTFA EDİLMİŞ MALİYETİ İLE ÖLÇÜLEN FİNANSAL VARLIKLAR (Net),2025/12,35989890
YAPI_KREDI,balance,Faktoring Alacakları,2026/06,60253740
YAPI_KREDI,balance,Faktoring Alacakları,2025/12,35795825
YAPI_KREDI,balance,İskontolu Faktoring Alacakları (Net),2026/06,24631568
YAPI_KREDI,balance,İskontolu Faktoring Alacakları (Net),2025/12,14767985
YAPI_KREDI,balance,Diğer Faktoring Alacakları,2026/06,35622172
YAPI_KREDI,balance,Diğer Faktoring Alacakları,2025/12,21027840
YAPI_KREDI,balance,Tasarruf Finansman Alacakları,2026/06,0
YAPI_KREDI,balance,Tasarruf Finansman Alacakları,2025/12,0
YAPI_KREDI,balance,Tasarruf Fon Havuzundan,2026/06,0
YAPI_KREDI,balance,Tasarruf Fon Havuzundan,2025/12,0
YAPI_KREDI,balance,Özkaynaklardan,2026/06,0
YAPI_KREDI,balance,Özkaynaklardan,2025/12,0
YAPI_KREDI,balance,Finansman Kredileri,2026/06,0
YAPI_KREDI,balance,Finansman Kredileri,2025/12,0
YAPI_KREDI,balance,Tüketici Kredileri,2026/06,0
YAPI_KREDI,balance,Tüketici Kredileri,2025/12,0
YAPI_KREDI,balance,Kredi Kartları,2026/06,0
YAPI_KREDI,balance,Kredi Kartları,2025/12,0
YAPI_KREDI,balance,Taksitli Ticari Krediler,2026/06,0
YAPI_KREDI,balance,Taksitli Ticari Krediler,2025/12,0
YAPI_KREDI,balance,Kiralama İşlemleri (Net),2026/06,0
YAPI_KREDI,balance,Kiralama İşlemleri (Net),2025/12,0
YAPI_KREDI,balance,Finansal Kiralama Alacakları,2026/06,0
YAPI_KREDI,balance,Finansal Kiralama Alacakları,2025/12,0
YAPI_KREDI,balance,Faaliyet Kiralaması Alacakları,2026/06,0
YAPI_KREDI,balance,Faaliyet Kiralaması Alacakları,2025/12,0
YAPI_KREDI,balance,Kazanılmamış Gelirler (-),2026/06,-0
YAPI_KREDI,balance,Kazanılmamış Gelirler (-),2025/12,-0
YAPI_KREDI,balance,İtfa Edilmiş Maliyeti ile Ölçülen Diğer Finansal Varlıklar,2026/06,0
YAPI_KREDI,balance,İtfa Edilmiş Maliyeti ile Ölçülen Diğer Finansal Varlıklar,2025/12,0
YAPI_KREDI,balance,Takipteki Alacaklar,2026/06,792755
YAPI_KREDI,balance,Takipteki Alacaklar,2025/12,446851
YAPI_KREDI,balance,Beklenen Zarar Karşılıkları / Özel Karşılıklar (-),2026/06,-463044
YAPI_KREDI,balance,Beklenen Zarar Karşılıkları / Özel Karşılıklar (-),2025/12,-252786
YAPI_KREDI,balance,ORTAKLIK YATIRIMLARI,2026/06,0
YAPI_KREDI,balance,ORTAKLIK YATIRIMLARI,2025/12,0
YAPI_KREDI,balance,İştirakler (Net),2026/06,0
YAPI_KREDI,balance,İştirakler (Net),2025/12,0
YAPI_KREDI,balance,Bağlı Ortaklıklar (Net),2026/06,0
YAPI_KREDI,balance,Bağlı Ortaklıklar (Net),2025/12,0
YAPI_KREDI,balance,Birlikte Kontrol Edilen Ortaklıklar (İş Ortaklıkları) (Net),2026/06,0
YAPI_KREDI,balance,Birlikte Kontrol Edilen Ortaklıklar (İş Ortaklıkları) (Net),2025/12,0
YAPI_KREDI,balance,MADDİ DURAN VARLIKLAR (Net),2026/06,164288
YAPI_KREDI,balance,MADDİ DURAN VARLIKLAR (Net),2025/12,22286
YAPI_KREDI,balance,MADDİ OLMAYAN DURAN VARLIKLAR (Net),2026/06,64794
YAPI_KREDI,balance,MADDİ OLMAYAN DURAN VARLIKLAR (Net),2025/12,72262
YAPI_KREDI,balance,YATIRIM AMAÇLI GAYRİMENKULLER (Net),2026/06,0
YAPI_KREDI,balance,YATIRIM AMAÇLI GAYRİMENKULLER (Net),2025/12,0
YAPI_KREDI,balance,CARİ DÖNEM VERGİ VARLIĞI,2026/06,0
YAPI_KREDI,balance,CARİ DÖNEM VERGİ VARLIĞI,2025/12,0
YAPI_KREDI,balance,ERTELENMİŞ VERGİ VARLIĞI,2026/06,41800
YAPI_KREDI,balance,ERTELENMİŞ VERGİ VARLIĞI,2025/12,19588
YAPI_KREDI,balance,DİĞER AKTİFLER,2026/06,450009
YAPI_KREDI,balance,DİĞER AKTİFLER,2025/12,291082
YAPI_KREDI,balance,ARA TOPLAM,2026/06,63346890
YAPI_KREDI,balance,ARA TOPLAM,2025/12,38002722
YAPI_KREDI,balance,SATIŞ AMAÇLI ELDE TUTULAN VE DURDURULAN FAALİYETLERE İLİŞKİN VARLIKLAR (Net),2026/06,0
YAPI_KREDI,balance,SATIŞ AMAÇLI ELDE TUTULAN VE DURDURULAN FAALİYETLERE İLİŞKİN VARLIKLAR (Net),2025/12,0
YAPI_KREDI,balance,Satış Amaçlı,2026/06,0
YAPI_KREDI,balance,Satış Amaçlı,2025/12,0
YAPI_KREDI,balance,Durdurulan Faaliyetlere İlişkin,2026/06,0
YAPI_KREDI,balance,Durdurulan Faaliyetlere İlişkin,2025/12,0
YAPI_KREDI,balance,VARLIKLAR TOPLAMI,2026/06,63346890
YAPI_KREDI,balance,VARLIKLAR TOPLAMI,2025/12,38002722
YAPI_KREDI,balance,ALINAN KREDİLER,2026/06,47693419
YAPI_KREDI,balance,ALINAN KREDİLER,2025/12,32407273
YAPI_KREDI,balance,FAKTORİNG BORÇLARI,2026/06,263717
YAPI_KREDI,balance,FAKTORİNG BORÇLARI,2025/12,186348
YAPI_KREDI,balance,TASARRUF FON HAVUZUNDAN BORÇLAR,2026/06,0
YAPI_KREDI,balance,TASARRUF FON HAVUZUNDAN BORÇLAR,2025/12,0
YAPI_KREDI,balance,KİRALAMA İŞLEMLERİNDEN BORÇLAR,2026/06,155754
YAPI_KREDI,balance,KİRALAMA İŞLEMLERİNDEN BORÇLAR,2025/12,13435
YAPI_KREDI,balance,İHRAÇ EDİLEN MENKUL KIYMETLER (Net),2026/06,8575271
YAPI_KREDI,balance,İHRAÇ EDİLEN MENKUL KIYMETLER (Net),2025/12,0
YAPI_KREDI,balance,GERÇEĞE UYGUN DEĞER FARKI KAR ZARARA YANSITILAN FİNANSAL YÜKÜMLÜLÜKLER,2026/06,0
YAPI_KREDI,balance,GERÇEĞE UYGUN DEĞER FARKI KAR ZARARA YANSITILAN FİNANSAL YÜKÜMLÜLÜKLER,2025/12,0
YAPI_KREDI,balance,TÜREV FİNANSAL YÜKÜMLÜLÜKLER,2026/06,330
YAPI_KREDI,balance,TÜREV FİNANSAL YÜKÜMLÜLÜKLER,2025/12,619
YAPI_KREDI,balance,KARŞILIKLAR,2026/06,146790
YAPI_KREDI,balance,KARŞILIKLAR,2025/12,196641
YAPI_KREDI,balance,Yeniden Yapılanma Karşılığı,2026/06,0
YAPI_KREDI,balance,Yeniden Yapılanma Karşılığı,2025/12,0
YAPI_KREDI,balance,Çalışan Hakları Yükümlülüğü Karşılığı,2026/06,104353
YAPI_KREDI,balance,Çalışan Hakları Yükümlülüğü Karşılığı,2025/12,138854
YAPI_KREDI,balance,Genel Karşılıklar,2026/06,41187
YAPI_KREDI,balance,Genel Karşılıklar,2025/12,56537
YAPI_KREDI,balance,Diğer Karşılıklar,2026/06,1250
YAPI_KREDI,balance,Diğer Karşılıklar,2025/12,1250
YAPI_KREDI,balance,CARİ VERGİ BORCU,2026/06,252635
YAPI_KREDI,balance,CARİ VERGİ BORCU,2025/12,141973
YAPI_KREDI,balance,ERTELENMİŞ VERGİ BORCU,2026/06,0
YAPI_KREDI,balance,ERTELENMİŞ VERGİ BORCU,2025/12,0
YAPI_KREDI,balance,SERMAYE BENZERİ BORÇLANMA ARAÇLARI,2026/06,0
YAPI_KREDI,balance,SERMAYE BENZERİ BORÇLANMA ARAÇLARI,2025/12,0
YAPI_KREDI,balance,DİĞER YÜKÜMLÜLÜKLER,2026/06,260242
YAPI_KREDI,balance,DİĞER YÜKÜMLÜLÜKLER,2025/12,169826
YAPI_KREDI,balance,ARA TOPLAM,2026/06,57348158
YAPI_KREDI,balance,ARA TOPLAM,2025/12,33116115
YAPI_KREDI,balance,SATIŞ AMAÇLI ELDE TUTULAN VE DURDURULAN FAALİYETLERE İLİŞKİN DURAN VARLIK BORÇLARI (Net),2026/06,0
YAPI_KREDI,balance,SATIŞ AMAÇLI ELDE TUTULAN VE DURDURULAN FAALİYETLERE İLİŞKİN DURAN VARLIK BORÇLARI (Net),2025/12,0
YAPI_KREDI,balance,Satış Amaçlı,2026/06,0
YAPI_KREDI,balance,Satış Amaçlı,2025/12,0
YAPI_KREDI,balance,Durdurulan Faaliyetlere İlişkin,2026/06,0
YAPI_KREDI,balance,Durdurulan Faaliyetlere İlişkin,2025/12,0
YAPI_KREDI,balance,ÖZKAYNAKLAR,2026/06,5998732
YAPI_KREDI,balance,ÖZKAYNAKLAR,2025/12,4886607
YAPI_KREDI,balance,Ödenmiş Sermaye,2026/06,130000
YAPI_KREDI,balance,Ödenmiş Sermaye,2025/12,130000
YAPI_KREDI,balance,Sermaye Yedekleri,2026/06,0
YAPI_KREDI,balance,Sermaye Yedekleri,2025/12,0
YAPI_KREDI,balance,Hisse Senedi İhraç Primleri,2026/06,0
YAPI_KREDI,balance,Hisse Senedi İhraç Primleri,2025/12,0
YAPI_KREDI,balance,Hisse Senedi İptal Karları,2026/06,0
YAPI_KREDI,balance,Hisse Senedi İptal Karları,2025/12,0
YAPI_KREDI,balance,Diğer Sermaye Yedekleri,2026/06,0
YAPI_KREDI,balance,Diğer Sermaye Yedekleri,2025/12,0
YAPI_KREDI,balance,Kar veya Zararda Yeniden Sınıflandırılmayacak Birikmiş Diğer Kapsamlı Gelirler veya Giderler,2026/06,-33259
YAPI_KREDI,balance,Kar veya Zararda Yeniden Sınıflandırılmayacak Birikmiş Diğer Kapsamlı Gelirler veya Giderler,2025/12,-28990
YAPI_KREDI,balance,Kar veya Zararda Yeniden Sınıflandırılacak Birikmiş Diğer Kapsamlı Gelirler veya Giderler,2026/06,0
YAPI_KREDI,balance,Kar veya Zararda Yeniden Sınıflandırılacak Birikmiş Diğer Kapsamlı Gelirler veya Giderler,2025/12,0
YAPI_KREDI,balance,Kar Yedekleri,2026/06,4785597
YAPI_KREDI,balance,Kar Yedekleri,2025/12,2885028
YAPI_KREDI,balance,Yasal Yedekler,2026/06,25999
YAPI_KREDI,balance,Yasal Yedekler,2025/12,25999
YAPI_KREDI,balance,Statü Yedekleri,2026/06,0
YAPI_KREDI,balance,Statü Yedekleri,2025/12,0
YAPI_KREDI,balance,Olağanüstü Yedekler,2026/06,4742235
YAPI_KREDI,balance,Olağanüstü Yedekler,2025/12,2841666
YAPI_KREDI,balance,Diğer Kar Yedekleri,2026/06,17363
YAPI_KREDI,balance,Diğer Kar Yedekleri,2025/12,17363
YAPI_KREDI,balance,Kar veya Zarar,2026/06,1116394
YAPI_KREDI,balance,Kar veya Zarar,2025/12,1900569
YAPI_KREDI,balance,Geçmiş Yıllar Kar veya Zararı,2026/06,0
YAPI_KREDI,balance,Geçmiş Yıllar Kar veya Zararı,2025/12,0
YAPI_KREDI,balance,Dönem Net Kâr veya Zararı,2026/06,1116394
YAPI_KREDI,balance,Dönem Net Kâr veya Zararı,2025/12,1900569
YAPI_KREDI,balance,Kontrol Gücü Olmayan Paylar,2026/06,0
YAPI_KREDI,balance,Kontrol Gücü Olmayan Paylar,2025/12,0
YAPI_KREDI,balance,YÜKÜMLÜLÜKLER TOPLAMI,2026/06,63346890
YAPI_KREDI,balance,YÜKÜMLÜLÜKLER TOPLAMI,2025/12,38002722
YAPI_KREDI,off_balance,RİSKİ ÜSTLENİLEN FAKTORİNG İŞLEMLERİ,2026/06,11240602
YAPI_KREDI,off_balance,RİSKİ ÜSTLENİLEN FAKTORİNG İŞLEMLERİ,2025/12,7120625
YAPI_KREDI,off_balance,RİSKİ ÜSTLENİLMEYEN FAKTORİNG İŞLEMLERİ,2026/06,8753748
YAPI_KREDI,off_balance,RİSKİ ÜSTLENİLMEYEN FAKTORİNG İŞLEMLERİ,2025/12,7636676
YAPI_KREDI,off_balance,TASARRUF FİNANSMAN SÖZLEŞMELERİ İŞLEMLERİ,2026/06,0
YAPI_KREDI,off_balance,TASARRUF FİNANSMAN SÖZLEŞMELERİ İŞLEMLERİ,2025/12,0
YAPI_KREDI,off_balance,ALINAN TEMİNATLAR,2026/06,611731081
YAPI_KREDI,off_balance,ALINAN TEMİNATLAR,2025/12,458364602
YAPI_KREDI,off_balance,VERİLEN TEMİNATLAR,2026/06,36128791
YAPI_KREDI,off_balance,VERİLEN TEMİNATLAR,2025/12,27808677
YAPI_KREDI,off_balance,TAAHHÜTLER,2026/06,0
YAPI_KREDI,off_balance,TAAHHÜTLER,2025/12,0
YAPI_KREDI,off_balance,Cayılamaz Taahhütler,2026/06,0
YAPI_KREDI,off_balance,Cayılamaz Taahhütler,2025/12,0
YAPI_KREDI,off_balance,Cayılabilir Taahhütler,2026/06,0
YAPI_KREDI,off_balance,Cayılabilir Taahhütler,2025/12,0
YAPI_KREDI,off_balance,Kiralama Taahhütleri,2026/06,0
YAPI_KREDI,off_balance,Kiralama Taahhütleri,2025/12,0
YAPI_KREDI,off_balance,Finansal Kiralama Taahhütleri,2026/06,0
YAPI_KREDI,off_balance,Finansal Kiralama Taahhütleri,2025/12,0
YAPI_KREDI,off_balance,Faaliyet Kiralama Taahhütleri,2026/06,0
YAPI_KREDI,off_balance,Faaliyet Kiralama Taahhütleri,2025/12,0
YAPI_KREDI,off_balance,Diğer Cayılabilir Taahhütler,2026/06,0
YAPI_KREDI,off_balance,Diğer Cayılabilir Taahhütler,2025/12,0
YAPI_KREDI,off_balance,TÜREV FİNANSAL ARAÇLAR,2026/06,952069
YAPI_KREDI,off_balance,TÜREV FİNANSAL ARAÇLAR,2025/12,5595796
YAPI_KREDI,off_balance,Riskten Korunma Amaçlı Türev Finansal Araçlar,2026/06,0
YAPI_KREDI,off_balance,Riskten Korunma Amaçlı Türev Finansal Araçlar,2025/12,0
YAPI_KREDI,off_balance,Gerçeğe Uygun Değer Riskinden Korunma Amaçlı İşlemler,2026/06,0
YAPI_KREDI,off_balance,Gerçeğe Uygun Değer Riskinden Korunma Amaçlı İşlemler,2025/12,0
YAPI_KREDI,off_balance,Nakit Akış Riskinden Korunma Amaçlı İşlemler,2026/06,0
YAPI_KREDI,off_balance,Nakit Akış Riskinden Korunma Amaçlı İşlemler,2025/12,0
YAPI_KREDI,off_balance,Yurtdışındaki Net Yatırım Riskinden Korunma Amaçlı İşlemler,2026/06,0
YAPI_KREDI,off_balance,Yurtdışındaki Net Yatırım Riskinden Korunma Amaçlı İşlemler,2025/12,0
YAPI_KREDI,off_balance,Alım Satım Amaçlı İşlemler,2026/06,952069
YAPI_KREDI,off_balance,Alım Satım Amaçlı İşlemler,2025/12,5595796
YAPI_KREDI,off_balance,Vadeli Alım Satım İşlemleri,2026/06,0
YAPI_KREDI,off_balance,Vadeli Alım Satım İşlemleri,2025/12,0
YAPI_KREDI,off_balance,Swap Alım Satım İşlemleri,2026/06,952069
YAPI_KREDI,off_balance,Swap Alım Satım İşlemleri,2025/12,5595796
YAPI_KREDI,off_balance,Alım Satım Opsiyon İşlemleri,2026/06,0
YAPI_KREDI,off_balance,Alım Satım Opsiyon İşlemleri,2025/12,0
YAPI_KREDI,off_balance,Futures Alım Satım İşlemleri,2026/06,0
YAPI_KREDI,off_balance,Futures Alım Satım İşlemleri,2025/12,0
YAPI_KREDI,off_balance,Diğer,2026/06,0
YAPI_KREDI,off_balance,Diğer,2025/12,0
YAPI_KREDI,off_balance,EMANET KIYMETLER,2026/06,26296249
YAPI_KREDI,off_balance,EMANET KIYMETLER,2025/12,17400136
YAPI_KREDI,off_balance,NAZIM HESAPLAR TOPLAMI,2026/06,695102540
YAPI_KREDI,off_balance,NAZIM HESAPLAR TOPLAMI,2025/12,523926512
YAPI_KREDI,pnl,ESAS FAALİYET GELİRLERİ,2026/06,7966914
YAPI_KREDI,pnl,ESAS FAALİYET GELİRLERİ,2025/06,4670989
YAPI_KREDI,pnl,FAKTORİNG GELİRLERİ,2026/06,7966914
YAPI_KREDI,pnl,FAKTORİNG GELİRLERİ,2025/06,4670989
YAPI_KREDI,pnl,Faktoring Alacaklarından Alınan Faizler,2026/06,7617243
YAPI_KREDI,pnl,Faktoring Alacaklarından Alınan Faizler,2025/06,4491668
YAPI_KREDI,pnl,İskontolu,2026/06,3643841
YAPI_KREDI,pnl,İskontolu,2025/06,2092088
YAPI_KREDI,pnl,Diğer,2026/06,3973402
YAPI_KREDI,pnl,Diğer,2025/06,2399580
YAPI_KREDI,pnl,Faktoring Alacaklarından Alınan Ücret ve Komisyonlar,2026/06,349671
YAPI_KREDI,pnl,Faktoring Alacaklarından Alınan Ücret ve Komisyonlar,2025/06,179321
YAPI_KREDI,pnl,İskontolu,2026/06,133033
YAPI_KREDI,pnl,İskontolu,2025/06,74159
YAPI_KREDI,pnl,Diğer,2026/06,216638
YAPI_KREDI,pnl,Diğer,2025/06,105162
YAPI_KREDI,pnl,FİNANSMAN KREDİLERİNDEN GELİRLER,2026/06,0
YAPI_KREDI,pnl,FİNANSMAN KREDİLERİNDEN GELİRLER,2025/06,0
YAPI_KREDI,pnl,Finansman Kredilerinden Alınan Faizler,2026/06,0
YAPI_KREDI,pnl,Finansman Kredilerinden Alınan Faizler,2025/06,0
YAPI_KREDI,pnl,Finansman Kredilerinden Alınan Ücret ve Komisyonlar,2026/06,0
YAPI_KREDI,pnl,Finansman Kredilerinden Alınan Ücret ve Komisyonlar,2025/06,0
YAPI_KREDI,pnl,KİRALAMA GELİRLERİ,2026/06,0
YAPI_KREDI,pnl,KİRALAMA GELİRLERİ,2025/06,0
YAPI_KREDI,pnl,Finansal Kiralama Gelirleri,2026/06,0
YAPI_KREDI,pnl,Finansal Kiralama Gelirleri,2025/06,0
YAPI_KREDI,pnl,Faaliyet Kiralaması Gelirleri,2026/06,0
YAPI_KREDI,pnl,Faaliyet Kiralaması Gelirleri,2025/06,0
YAPI_KREDI,pnl,Kiralama İşlemlerinden Alınan Ücret ve Komisyonlar,2026/06,0
YAPI_KREDI,pnl,Kiralama İşlemlerinden Alınan Ücret ve Komisyonlar,2025/06,0
YAPI_KREDI,pnl,TASARRUF FİNANSMAN GELİRLERİ,2026/06,0
YAPI_KREDI,pnl,TASARRUF FİNANSMAN GELİRLERİ,2025/06,0
YAPI_KREDI,pnl,Tasarruf Finansman Alacaklarından Alınan Kâr Payları,2026/06,
YAPI_KREDI,pnl,Tasarruf Finansman Alacaklarından Alınan Kâr Payları,2025/06,
YAPI_KREDI,pnl,Tasarruf Finansman Faaliyetlerinden Alınan Ücret ve Komisyonlar,2026/06,
YAPI_KREDI,pnl,Tasarruf Finansman Faaliyetlerinden Alınan Ücret ve Komisyonlar,2025/06,
YAPI_KREDI,pnl,FİNANSMAN GİDERLERİ (-),2026/06,-6269031
YAPI_KREDI,pnl,FİNANSMAN GİDERLERİ (-),2025/06,-3690988
YAPI_KREDI,pnl,Tasarruf Fon Havuzuna Verilen Kâr Payları,2026/06,-0
YAPI_KREDI,pnl,Tasarruf Fon Havuzuna Verilen Kâr Payları,2025/06,-0
YAPI_KREDI,pnl,Kullanılan Kredilere Verilen Faizler,2026/06,-5350104
YAPI_KREDI,pnl,Kullanılan Kredilere Verilen Faizler,2025/06,-2896382
YAPI_KREDI,pnl,Faktoring İşlemlerinden Borçlara Verilen Faizler,2026/06,-0
YAPI_KREDI,pnl,Faktoring İşlemlerinden Borçlara Verilen Faizler,2025/06,-0
YAPI_KREDI,pnl,Kiralama İşlemlerine İlişkin Faiz Giderleri,2026/06,-3092
YAPI_KREDI,pnl,Kiralama İşlemlerine İlişkin Faiz Giderleri,2025/06,-1494
YAPI_KREDI,pnl,İhraç Edilen Menkul Kıymetlere Verilen Faizler,2026/06,-788386
YAPI_KREDI,pnl,İhraç Edilen Menkul Kıymetlere Verilen Faizler,2025/06,-722451
YAPI_KREDI,pnl,Diğer Faiz Giderleri,2026/06,-183
YAPI_KREDI,pnl,Diğer Faiz Giderleri,2025/06,-161
YAPI_KREDI,pnl,Verilen Ücret ve Komisyonlar,2026/06,-127266
YAPI_KREDI,pnl,Verilen Ücret ve Komisyonlar,2025/06,-70500
YAPI_KREDI,pnl,BRÜT KAR (ZARAR),2026/06,1697883
YAPI_KREDI,pnl,BRÜT KAR (ZARAR),2025/06,980001
YAPI_KREDI,pnl,ESAS FAALİYET GİDERLERİ (-),2026/06,-384971
YAPI_KREDI,pnl,ESAS FAALİYET GİDERLERİ (-),2025/06,-186627
YAPI_KREDI,pnl,Personel Giderleri,2026/06,-273921
YAPI_KREDI,pnl,Personel Giderleri,2025/06,-132339
YAPI_KREDI,pnl,Kıdem Tazminatı Karşılığı Gideri,2026/06,-1916
YAPI_KREDI,pnl,Kıdem Tazminatı Karşılığı Gideri,2025/06,-957
YAPI_KREDI,pnl,Araştırma ve Geliştirme Giderleri,2026/06,-0
YAPI_KREDI,pnl,Araştırma ve Geliştirme Giderleri,2025/06,-0
YAPI_KREDI,pnl,Genel İşletme Giderleri,2026/06,-88321
YAPI_KREDI,pnl,Genel İşletme Giderleri,2025/06,-42143
YAPI_KREDI,pnl,Diğer,2026/06,-20813
YAPI_KREDI,pnl,Diğer,2025/06,-11188
YAPI_KREDI,pnl,BRÜT FAALİYET KARI (ZARARI),2026/06,1312912
YAPI_KREDI,pnl,BRÜT FAALİYET KARI (ZARARI),2025/06,793374
YAPI_KREDI,pnl,DİĞER FAALİYET GELİRLERİ,2026/06,1786949
YAPI_KREDI,pnl,DİĞER FAALİYET GELİRLERİ,2025/06,1042999
YAPI_KREDI,pnl,Bankalardan Alınan Faizler,2026/06,296617
YAPI_KREDI,pnl,Bankalardan Alınan Faizler,2025/06,166564
YAPI_KREDI,pnl,Menkul Değerlerden Alınan Faizler,2026/06,0
YAPI_KREDI,pnl,Menkul Değerlerden Alınan Faizler,2025/06,0
YAPI_KREDI,pnl,Temettü Gelirleri,2026/06,726
YAPI_KREDI,pnl,Temettü Gelirleri,2025/06,0
YAPI_KREDI,pnl,Sermaye Piyasası İşlemleri Karı,2026/06,0
YAPI_KREDI,pnl,Sermaye Piyasası İşlemleri Karı,2025/06,0
YAPI_KREDI,pnl,Türev Finansal İşlemler Karı,2026/06,124434
YAPI_KREDI,pnl,Türev Finansal İşlemler Karı,2025/06,63179
YAPI_KREDI,pnl,Kambiyo İşlemleri Karı,2026/06,1304097
YAPI_KREDI,pnl,Kambiyo İşlemleri Karı,2025/06,772116
YAPI_KREDI,pnl,Diğer,2026/06,61075
YAPI_KREDI,pnl,Diğer,2025/06,41140
YAPI_KREDI,pnl,KARŞILIK GİDERLERİ,2026/06,-228774
YAPI_KREDI,pnl,KARŞILIK GİDERLERİ,2025/06,-124439
YAPI_KREDI,pnl,Özel Karşılıklar,2026/06,-228774
YAPI_KREDI,pnl,Özel Karşılıklar,2025/06,-124439
YAPI_KREDI,pnl,Beklenen Zarar Karşılıkları,2026/06,-0
YAPI_KREDI,pnl,Beklenen Zarar Karşılıkları,2025/06,-0
YAPI_KREDI,pnl,Genel Karşılıklar,2026/06,-0
YAPI_KREDI,pnl,Genel Karşılıklar,2025/06,-0
YAPI_KREDI,pnl,Diğer,2026/06,-0
YAPI_KREDI,pnl,Diğer,2025/06,-0
YAPI_KREDI,pnl,DİĞER FAALİYET GİDERLERİ (-),2026/06,-1274789
YAPI_KREDI,pnl,DİĞER FAALİYET GİDERLERİ (-),2025/06,-774870
YAPI_KREDI,pnl,Menkul Değerler Değer Düşüş Gideri,2026/06,-0
YAPI_KREDI,pnl,Menkul Değerler Değer Düşüş Gideri,2025/06,-0
YAPI_KREDI,pnl,Duran Varlıklar Değer Düşüş Giderleri,2026/06,-0
YAPI_KREDI,pnl,Duran Varlıklar Değer Düşüş Giderleri,2025/06,-0
YAPI_KREDI,pnl,Sermaye Piyasası İşlemleri Zararı,2026/06,-0
YAPI_KREDI,pnl,Sermaye Piyasası İşlemleri Zararı,2025/06,-0
YAPI_KREDI,pnl,Türev Finansal İşlemlerden Zarar,2026/06,-93773
YAPI_KREDI,pnl,Türev Finansal İşlemlerden Zarar,2025/06,-32267
YAPI_KREDI,pnl,Kambiyo İşlemleri Zararı,2026/06,-1161974
YAPI_KREDI,pnl,Kambiyo İşlemleri Zararı,2025/06,-733838
YAPI_KREDI,pnl,Diğer,2026/06,-19042
YAPI_KREDI,pnl,Diğer,2025/06,-8765
YAPI_KREDI,pnl,NET FAALİYET KARI (ZARARI),2026/06,1596298
YAPI_KREDI,pnl,NET FAALİYET KARI (ZARARI),2025/06,937064
YAPI_KREDI,pnl,BİRLEŞME İŞLEMİ SONRASINDA GELİR OLARAK KAYDEDİLEN FAZLALIK TUTARI,2026/06,0
YAPI_KREDI,pnl,BİRLEŞME İŞLEMİ SONRASINDA GELİR OLARAK KAYDEDİLEN FAZLALIK TUTARI,2025/06,0
YAPI_KREDI,pnl,ÖZKAYNAK YÖNTEMİ UYGULANAN ORTAKLIKLARDAN KAR (ZARAR),2026/06,0
YAPI_KREDI,pnl,ÖZKAYNAK YÖNTEMİ UYGULANAN ORTAKLIKLARDAN KAR (ZARAR),2025/06,0
YAPI_KREDI,pnl,NET PARASAL POZİSYON KARI (ZARARI),2026/06,0
YAPI_KREDI,pnl,NET PARASAL POZİSYON KARI (ZARARI),2025/06,0
YAPI_KREDI,pnl,SÜRDÜRÜLEN FAALİYETLER VERGİ ÖNCESİ KARI (ZARARI),2026/06,1596298
YAPI_KREDI,pnl,SÜRDÜRÜLEN FAALİYETLER VERGİ ÖNCESİ KARI (ZARARI),2025/06,937064
YAPI_KREDI,pnl,SÜRDÜRÜLEN FAALİYETLER VERGİ KARŞILIĞI (+/-),2026/06,-479904
YAPI_KREDI,pnl,SÜRDÜRÜLEN FAALİYETLER VERGİ KARŞILIĞI (+/-),2025/06,-282856
YAPI_KREDI,pnl,Cari Vergi Karşılığı,2026/06,-500286
YAPI_KREDI,pnl,Cari Vergi Karşılığı,2025/06,-283196
YAPI_KREDI,pnl,Ertelenmiş Vergi Gider Etkisi,2026/06,-0
YAPI_KREDI,pnl,Ertelenmiş Vergi Gider Etkisi,2025/06,-0
YAPI_KREDI,pnl,Ertelenmiş Vergi Gelir Etkisi,2026/06,20382
YAPI_KREDI,pnl,Ertelenmiş Vergi Gelir Etkisi,2025/06,340
YAPI_KREDI,pnl,SÜRDÜRÜLEN FAALİYETLER DÖNEM NET KARI (ZARARI),2026/06,1116394
YAPI_KREDI,pnl,SÜRDÜRÜLEN FAALİYETLER DÖNEM NET KARI (ZARARI),2025/06,654208
YAPI_KREDI,pnl,DURDURULAN FAALİYETLERDEN GELİRLER,2026/06,0
YAPI_KREDI,pnl,DURDURULAN FAALİYETLERDEN GELİRLER,2025/06,0
YAPI_KREDI,pnl,Satış Amaçlı Elde Tutulan Duran Varlık Gelirleri,2026/06,0
YAPI_KREDI,pnl,Satış Amaçlı Elde Tutulan Duran Varlık Gelirleri,2025/06,0
YAPI_KREDI,pnl,"İştirak, Bağlı Ortaklık ve Birlikte Kontrol Edilen Ortaklıklar (İş Ort.) Satış Karları",2026/06,0
YAPI_KREDI,pnl,"İştirak, Bağlı Ortaklık ve Birlikte Kontrol Edilen Ortaklıklar (İş Ort.) Satış Karları",2025/06,0
YAPI_KREDI,pnl,Diğer Durdurulan Faaliyet Gelirleri,2026/06,0
YAPI_KREDI,pnl,Diğer Durdurulan Faaliyet Gelirleri,2025/06,0
YAPI_KREDI,pnl,DURDURULAN FAALİYETLERDEN GİDERLER (-),2026/06,-0
YAPI_KREDI,pnl,DURDURULAN FAALİYETLERDEN GİDERLER (-),2025/06,-0
YAPI_KREDI,pnl,Satış Amaçlı Elde Tutulan Duran Varlık Giderleri,2026/06,-0
YAPI_KREDI,pnl,Satış Amaçlı Elde Tutulan Duran Varlık Giderleri,2025/06,-0
YAPI_KREDI,pnl,"İştirak, Bağlı Ortaklık ve Birlikte Kontrol Edilen Ortaklıklar (İş Ort.) Satış Zararları",2026/06,-0
YAPI_KREDI,pnl,"İştirak, Bağlı Ortaklık ve Birlikte Kontrol Edilen Ortaklıklar (İş Ort.) Satış Zararları",2025/06,-0
YAPI_KREDI,pnl,Diğer Durdurulan Faaliyet Giderleri,2026/06,-0
YAPI_KREDI,pnl,Diğer Durdurulan Faaliyet Giderleri,2025/06,-0
YAPI_KREDI,pnl,DURDURULAN FAALİYETLER VERGİ ÖNCESİ KARI (ZARARI),2026/06,0
YAPI_KREDI,pnl,DURDURULAN FAALİYETLER VERGİ ÖNCESİ KARI (ZARARI),2025/06,0
YAPI_KREDI,pnl,DURDURULAN FAALİYETLER VERGİ KARŞILIĞI (+/-),2026/06,-0
YAPI_KREDI,pnl,DURDURULAN FAALİYETLER VERGİ KARŞILIĞI (+/-),2025/06,-0
YAPI_KREDI,pnl,Cari Vergi Karşılığı,2026/06,-0
YAPI_KREDI,pnl,Cari Vergi Karşılığı,2025/06,-0
YAPI_KREDI,pnl,Ertelenmiş Vergi Gider Etkisi,2026/06,-0
YAPI_KREDI,pnl,Ertelenmiş Vergi Gider Etkisi,2025/06,-0
YAPI_KREDI,pnl,Ertelenmiş Vergi Gelir Etkisi,2026/06,0
YAPI_KREDI,pnl,Ertelenmiş Vergi Gelir Etkisi,2025/06,0
YAPI_KREDI,pnl,DURDURULAN FAALİYETLER DÖNEM NET KARI (ZARARI),2026/06,0
YAPI_KREDI,pnl,DURDURULAN FAALİYETLER DÖNEM NET KARI (ZARARI),2025/06,0
YAPI_KREDI,pnl,DÖNEM NET KARI VEYA ZARARI,2026/06,1116394
YAPI_KREDI,pnl,DÖNEM NET KARI VEYA ZARARI,2025/06,654208
YAPI_KREDI,pnl,Kontrol Gücü Olmayan Paylar,2026/06,0
YAPI_KREDI,pnl,Kontrol Gücü Olmayan Paylar,2025/06,
YAPI_KREDI,pnl,Ana Ortaklık Payları,2026/06,1116394
YAPI_KREDI,pnl,Ana Ortaklık Payları,2025/06,654208
YAPI_KREDI,pnl,Sürdürülen Faaliyetlerden Hisse Başına Kazanç (Zarar),2026/06,
YAPI_KREDI,pnl,Sürdürülen Faaliyetlerden Hisse Başına Kazanç (Zarar),2025/06,
YAPI_KREDI,pnl,Durdurulan Faaliyetlerden Hisse Başına Kazanç (Zarar),2026/06,
YAPI_KREDI,pnl,Durdurulan Faaliyetlerden Hisse Başına Kazanç (Zarar),2025/06,
YAPI_KREDI,pnl,Sürdürülen Faaliyetlerden Hisse Başına Kazanç (Zarar),2026/06,
YAPI_KREDI,pnl,Sürdürülen Faaliyetlerden Hisse Başına Kazanç (Zarar),2025/06,
YAPI_KREDI,pnl,Durdurulan Faaliyetlerden Hisse Başına Kazanç (Zarar),2026/06,
YAPI_KREDI,pnl,Durdurulan Faaliyetlerden Hisse Başına Kazanç (Zarar),2025/06,
VDF,balance,VARLIKLAR TOPLAMI,2026/06,12367105
VDF,balance,VARLIKLAR TOPLAMI,2025/12,6294414
VDF,balance,Faktoring Alacakları,2026/06,11346076
VDF,balance,Faktoring Alacakları,2025/12,5112096
VDF,balance,İskontolu Faktoring Alacakları (Net),2026/06,0
VDF,balance,İskontolu Faktoring Alacakları (Net),2025/12,0
VDF,balance,Diğer Faktoring Alacakları,2026/06,11346076
VDF,balance,Diğer Faktoring Alacakları,2025/12,5112096
VDF,balance,ALINAN KREDİLER,2026/06,10194760
VDF,balance,ALINAN KREDİLER,2025/12,4510848
VDF,balance,FAKTORİNG BORÇLARI,2026/06,253319
VDF,balance,FAKTORİNG BORÇLARI,2025/12,289756
VDF,balance,KİRALAMA İŞLEMLERİNDEN BORÇLAR,2026/06,5516
VDF,balance,KİRALAMA İŞLEMLERİNDEN BORÇLAR,2025/12,1323
VDF,balance,İHRAÇ EDİLEN MENKUL KIYMETLER (Net),2026/06,0
VDF,balance,İHRAÇ EDİLEN MENKUL KIYMETLER (Net),2025/12,0
VDF,balance,ÖZKAYNAKLAR,2026/06,1557435
VDF,balance,ÖZKAYNAKLAR,2025/12,1221996
VDF,pnl,ESAS FAALİYET GELİRLERİ,2026/06,2014282
VDF,pnl,ESAS FAALİYET GELİRLERİ,2025/06,1468564
VDF,pnl,Faktoring Alacaklarından Alınan Faizler,2026/06,1980471
VDF,pnl,Faktoring Alacaklarından Alınan Faizler,2025/06,1432506
VDF,pnl,Faktoring Alacaklarından Alınan Ücret ve Komisyonlar,2026/06,33811
VDF,pnl,Faktoring Alacaklarından Alınan Ücret ve Komisyonlar,2025/06,36058
VDF,pnl,FİNANSMAN GİDERLERİ (-),2026/06,-1543349
VDF,pnl,FİNANSMAN GİDERLERİ (-),2025/06,-1070239
VDF,pnl,BRÜT K/Z (I+II),2026/06,470933
VDF,pnl,BRÜT K/Z (I+II),2025/06,398325
VDF,pnl,ESAS FAALİYET GİDERLERİ (-),2026/06,-98779
VDF,pnl,ESAS FAALİYET GİDERLERİ (-),2025/06,-59601
VDF,pnl,KARŞILIK GİDERLERİ (-),2026/06,-127576
VDF,pnl,KARŞILIK GİDERLERİ (-),2025/06,0
VDF,pnl,NET FAALİYET K/Z,2026/06,482289
VDF,pnl,NET FAALİYET K/Z,2025/06,384393
VDF,pnl,DÖNEM NET KARI/ZARARI,2026/06,334907
VDF,pnl,DÖNEM NET KARI/ZARARI,2025/06,266175
VDF,off_balance,RİSKİ ÜSTLENİLEN FAKTORİNG İŞLEMLERİ,2026/06,12882107
VDF,off_balance,RİSKİ ÜSTLENİLEN FAKTORİNG İŞLEMLERİ,2025/12,16784995
VDF,off_balance,RİSKİ ÜSTLENİLMEYEN FAKTORİNG İŞLEMLERİ,2026/06,86558
VDF,off_balance,RİSKİ ÜSTLENİLMEYEN FAKTORİNG İŞLEMLERİ,2025/12,226634
VDF,off_balance,ALINAN TEMİNATLAR,2026/06,32668513
VDF,off_balance,ALINAN TEMİNATLAR,2025/12,22492877
VDF,off_balance,VERİLEN TEMİNATLAR,2026/06,6925000
VDF,off_balance,VERİLEN TEMİNATLAR,2025/12,5000000
